game_id1,matchup,location,w,final_margin,shot_number,period,game_clock,shot_clock,dribbles,touch_time,shot_dist,pts_type,shot_result,closest_defender,closest_defender_player_id,close_def_dist,fgm,pts,player_name,player_id
21400632,"JAN 21, 2015 - LAL @ NOP",A,L,-16,1,1,07:28:00,2.6,5,4.5,21.1,2,made,"Cunningham, Dante",201967,4.3,true,2,kobe bryant,977
21400632,"JAN 21, 2015 - LAL @ NOP",A,L,-16,2,1,05:53:00,5.1,7,12.1,19.6,2,missed,"Cunningham, Dante",201967,3.2,false,0,kobe bryant,977
21400632,"JAN 21, 2015 - LAL @ NOP",A,L,-16,3,1,03:16:00,11.9,3,5.2,24.8,3,missed,"Pondexter, Quincy",530027,3.6,false,0,kobe bryant,977
21400632,"JAN 21, 2015 - LAL @ NOP",A,L,-16,4,2,04:56:00,5.9,3,9.6,12.2,2,made,"Evans, Tyreke",201936,4.7,true,2,kobe bryant,977
21400632,"JAN 21, 2015 - LAL @ NOP",A,L,-16,5,2,02:49:00,15.0,0,6.7,26.4,3,missed,"Davis, Anthony",203076,5.7,false,0,kobe bryant,977
21400632,"JAN 21, 2015 - LAL @ NOP",A,L,-16,6,3,09:54:00,10.5,13,11.5,14.5,2,missed,"Cunningham, Dante",201967,4.5,false,0,kobe bryant,977
21400632,"JAN 21, 2015 - LAL @ NOP",A,L,-16,7,3,09:26:00,21.5,2,2.5,24.5,3,missed,"Gordon, Eric",201569,3.2,false,0,kobe bryant,977
21400632,"JAN 21, 2015 - LAL @ NOP",A,L,-16,8,3,07:15:00,17.2,0,0.8,18.2,2,made,"Cunningham, Dante",201967,2.0,true,2,kobe bryant,977
21400632,"JAN 21, 2015 - LAL @ NOP",A,L,-16,9,3,05:39:00,21.4,0,1.8,24.5,3,made,"Cunningham, Dante",201967,11.3,true,3,kobe bryant,977
21400632,"JAN 21, 2015 - LAL @ NOP",A,L,-16,10,3,05:08:00,12.4,0,3.6,20.2,2,missed,"Cunningham, Dante",201967,4.0,false,0,kobe bryant,977
21400632,"JAN 21, 2015 - LAL @ NOP",A,L,-16,11,3,04:16:00,7.3,3,8.2,3.1,2,made,"Cunningham, Dante",201967,2.7,true,2,kobe bryant,977
21400632,"JAN 21, 2015 - LAL @ NOP",A,L,-16,12,3,03:52:00,19.7,3,3.0,24.5,3,missed,"Evans, Tyreke",201936,3.1,false,0,kobe bryant,977
21400632,"JAN 21, 2015 - LAL @ NOP",A,L,-16,13,4,04:44:00,7.0,2,5.2,12.6,2,made,"Pondexter, Quincy",530027,3.0,true,2,kobe bryant,977
21400632,"JAN 21, 2015 - LAL @ NOP",A,L,-16,14,4,04:04:00,14.9,11,9.7,9.9,2,missed,"Pondexter, Quincy",530027,1.7,false,0,kobe bryant,977
21400586,"JAN 15, 2015 - LAL vs. CLE",H,L,-7,1,1,11:30:00,11.2,0,1.4,26.8,3,missed,"Smith, J.R.",2747,2.9,false,0,kobe bryant,977
21400586,"JAN 15, 2015 - LAL vs. CLE",H,L,-7,2,1,09:32:00,9.5,1,2.2,21.5,2,made,"Smith, J.R.",2747,8.8,true,2,kobe bryant,977
21400586,"JAN 15, 2015 - LAL vs. CLE",H,L,-7,3,1,03:06:00,17.8,6,5.5,24.3,2,made,"Smith, J.R.",2747,4.9,true,2,kobe bryant,977
21400586,"JAN 15, 2015 - LAL vs. CLE",H,L,-7,4,1,01:17:00,12.3,9,8.6,24.9,3,made,"Thompson, Tristan",202684,5.8,true,3,kobe bryant,977
21400586,"JAN 15, 2015 - LAL vs. CLE",H,L,-7,5,2,02:35:00,16.0,1,3.8,4.8,2,missed,"Thompson, Tristan",202684,0.9,false,0,kobe bryant,977
21400586,"JAN 15, 2015 - LAL vs. CLE",H,L,-7,6,2,02:23:00,20.2,0,0.7,2.7,2,made,"Smith, J.R.",2747,5.2,true,2,kobe bryant,977
21400586,"JAN 15, 2015 - LAL vs. CLE",H,L,-7,7,2,01:55:00,12.0,4,5.0,10.7,2,missed,"Smith, J.R.",2747,3.5,false,0,kobe bryant,977
21400586,"JAN 15, 2015 - LAL vs. CLE",H,L,-7,8,2,00:26:00,14.2,13,9.9,24.5,3,made,"Love, Kevin",201567,2.3,true,3,kobe bryant,977
21400586,"JAN 15, 2015 - LAL vs. CLE",H,L,-7,9,3,11:38:00,2.2,0,1.6,25.8,3,missed,"James, LeBron",2544,3.3,false,0,kobe bryant,977
21400586,"JAN 15, 2015 - LAL vs. CLE",H,L,-7,10,3,08:43:00,13.0,12,10.5,14.2,2,missed,"James, LeBron",2544,3.2,false,0,kobe bryant,977
21400586,"JAN 15, 2015 - LAL vs. CLE",H,L,-7,11,3,02:44:00,7.3,9,12.9,15.8,2,missed,"Thompson, Tristan",202684,2.3,false,0,kobe bryant,977
21400586,"JAN 15, 2015 - LAL vs. CLE",H,L,-7,12,4,03:51:00,13.5,12,9.7,3.4,2,made,"James, LeBron",2544,3.3,true,2,kobe bryant,977
21400586,"JAN 15, 2015 - LAL vs. CLE",H,L,-7,13,4,01:55:00,7.7,5,5.7,25.8,3,made,"Irving, Kyrie",202681,4.6,true,3,kobe bryant,977
21400586,"JAN 15, 2015 - LAL vs. CLE",H,L,-7,14,4,00:21:00,,0,0.3,22.5,3,missed,"Marion, Shawn",1890,4.6,false,0,kobe bryant,977
21400573,"JAN 13, 2015 - LAL vs. MIA",H,L,-3,1,1,11:23:00,5.2,0,1.2,22.1,2,missed,"Deng, Luol",2736,3.4,false,0,kobe bryant,977
21400573,"JAN 13, 2015 - LAL vs. MIA",H,L,-3,2,1,08:03:00,18.7,0,1.0,20.4,2,missed,"Deng, Luol",2736,5.0,false,0,kobe bryant,977
21400573,"JAN 13, 2015 - LAL vs. MIA",H,L,-3,3,1,04:25:00,13.3,10,11.4,18.8,2,made,"Deng, Luol",2736,5.1,true,2,kobe bryant,977
21400573,"JAN 13, 2015 - LAL vs. MIA",H,L,-3,4,1,03:52:00,16.5,7,7.6,24.4,3,missed,"Deng, Luol",2736,2.6,false,0,kobe bryant,977
21400573,"JAN 13, 2015 - LAL vs. MIA",H,L,-3,5,1,02:58:00,6.0,0,3.7,24.8,3,missed,"Deng, Luol",2736,4.5,false,0,kobe bryant,977
21400573,"JAN 13, 2015 - LAL vs. MIA",H,L,-3,6,2,04:45:00,16.5,8,7.0,16.2,2,missed,"Deng, Luol",2736,3.2,false,0,kobe bryant,977
21400573,"JAN 13, 2015 - LAL vs. MIA",H,L,-3,7,2,02:34:00,18.5,7,5.8,25.2,3,missed,"Deng, Luol",2736,5.2,false,0,kobe bryant,977
21400573,"JAN 13, 2015 - LAL vs. MIA",H,L,-3,8,2,01:55:00,7.2,12,15.5,11.8,2,missed,"Bosh, Chris",2547,3.8,false,0,kobe bryant,977
21400573,"JAN 13, 2015 - LAL vs. MIA",H,L,-3,9,2,00:01:00,,3,3.2,19.3,2,missed,"Deng, Luol",2736,3.9,false,0,kobe bryant,977
21400573,"JAN 13, 2015 - LAL vs. MIA",H,L,-3,10,3,06:37:00,19.8,1,2.3,25.5,3,missed,"Deng, Luol",2736,4.7,false,0,kobe bryant,977
21400573,"JAN 13, 2015 - LAL vs. MIA",H,L,-3,11,4,04:54:00,7.9,13,9.4,19.0,2,missed,"Deng, Luol",2736,4.0,false,0,kobe bryant,977
21400573,"JAN 13, 2015 - LAL vs. MIA",H,L,-3,12,4,03:17:00,18.0,8,6.3,19.3,2,missed,"Whiteside, Hassan",202355,4.9,false,0,kobe bryant,977
21400573,"JAN 13, 2015 - LAL vs. MIA",H,L,-3,13,4,02:48:00,17.6,4,5.8,25.3,3,made,"Deng, Luol",2736,4.6,true,3,kobe bryant,977
21400573,"JAN 13, 2015 - LAL vs. MIA",H,L,-3,14,4,02:11:00,15.0,9,8.2,25.5,3,missed,"Deng, Luol",2736,2.1,false,0,kobe bryant,977
21400573,"JAN 13, 2015 - LAL vs. MIA",H,L,-3,15,4,01:31:00,10.9,16,12.9,4.7,2,missed,"Whiteside, Hassan",202355,2.5,false,0,kobe bryant,977
21400573,"JAN 13, 2015 - LAL vs. MIA",H,L,-3,16,4,01:01:00,10.0,13,12.6,13.9,2,missed,"Deng, Luol",2736,2.9,false,0,kobe bryant,977
21400573,"JAN 13, 2015 - LAL vs. MIA",H,L,-3,17,4,00:55:00,22.4,0,0.9,26.4,3,missed,"Whiteside, Hassan",202355,5.3,false,0,kobe bryant,977
21400573,"JAN 13, 2015 - LAL vs. MIA",H,L,-3,18,4,00:33:00,23.3,0,0.8,24.1,3,made,"Deng, Luol",2736,3.1,true,3,kobe bryant,977
21400573,"JAN 13, 2015 - LAL vs. MIA",H,L,-3,19,4,00:04:00,,4,5.1,27.5,3,missed,"Deng, Luol",2736,3.2,false,0,kobe bryant,977
21400534,"JAN 07, 2015 - LAL @ LAC",A,L,-25,1,1,11:12:00,15.0,0,0.7,25.4,3,missed,"Barnes, Matt",2440,2.3,false,0,kobe bryant,977
21400534,"JAN 07, 2015 - LAL @ LAC",A,L,-25,2,2,05:20:00,11.1,11,12.7,23.7,2,missed,"Griffin, Blake",201933,5.1,false,0,kobe bryant,977
21400534,"JAN 07, 2015 - LAL @ LAC",A,L,-25,3,2,03:14:00,10.7,0,0.0,3.4,2,missed,"Griffin, Blake",201933,3.8,false,0,kobe bryant,977
21400534,"JAN 07, 2015 - LAL @ LAC",A,L,-25,4,2,02:44:00,12.7,3,6.7,3.4,2,missed,"Barnes, Matt",2440,2.2,false,0,kobe bryant,977
21400534,"JAN 07, 2015 - LAL @ LAC",A,L,-25,5,3,10:16:00,15.3,0,0.7,21.9,2,missed,"Barnes, Matt",2440,5.0,false,0,kobe bryant,977
21400534,"JAN 07, 2015 - LAL @ LAC",A,L,-25,6,3,09:04:00,19.0,1,1.7,25.6,3,missed,"Barnes, Matt",2440,3.6,false,0,kobe bryant,977
21400534,"JAN 07, 2015 - LAL @ LAC",A,L,-25,7,3,08:40:00,7.6,4,5.0,13.4,2,missed,"Barnes, Matt",2440,4.1,false,0,kobe bryant,977
21400534,"JAN 07, 2015 - LAL @ LAC",A,L,-25,8,3,06:43:00,11.1,13,14.0,17.5,2,missed,"Barnes, Matt",2440,3.5,false,0,kobe bryant,977
21400534,"JAN 07, 2015 - LAL @ LAC",A,L,-25,9,3,05:51:00,15.9,9,7.9,10.8,2,made,"Barnes, Matt",2440,5.2,true,2,kobe bryant,977
21400534,"JAN 07, 2015 - LAL @ LAC",A,L,-25,10,3,05:04:00,4.2,1,2.3,27.3,3,missed,"Redick, JJ",200755,1.8,false,0,kobe bryant,977
21400534,"JAN 07, 2015 - LAL @ LAC",A,L,-25,11,3,03:50:00,11.5,3,5.2,14.7,2,made,"Barnes, Matt",2440,2.4,true,2,kobe bryant,977
21400534,"JAN 07, 2015 - LAL @ LAC",A,L,-25,12,3,03:18:00,15.7,1,3.2,17.5,2,missed,"Barnes, Matt",2440,2.6,false,0,kobe bryant,977
21400508,"JAN 04, 2015 - LAL vs. IND",H,W,1,1,1,10:04:00,18.7,6,5.4,24.3,2,made,"Hill, Solomon",203524,2.6,true,2,kobe bryant,977
21400508,"JAN 04, 2015 - LAL vs. IND",H,W,1,2,1,09:06:00,17.9,6,6.4,25.1,3,made,"Hill, Solomon",203524,3.4,true,3,kobe bryant,977
21400508,"JAN 04, 2015 - LAL vs. IND",H,W,1,3,1,08:03:00,2.7,5,6.0,7.6,2,made,"West, David",2561,2.3,true,2,kobe bryant,977
21400508,"JAN 04, 2015 - LAL vs. IND",H,W,1,4,1,05:41:00,15.9,7,7.6,14.5,2,missed,"Hill, Solomon",203524,2.7,false,0,kobe bryant,977
21400508,"JAN 04, 2015 - LAL vs. IND",H,W,1,5,1,03:38:00,12.4,0,0.8,2.3,2,made,"West, David",2561,2.9,true,2,kobe bryant,977
21400508,"JAN 04, 2015 - LAL vs. IND",H,W,1,6,1,02:57:00,5.3,2,4.7,21.7,2,missed,"Hill, Solomon",203524,4.6,false,0,kobe bryant,977
21400508,"JAN 04, 2015 - LAL vs. IND",H,W,1,7,2,00:52:00,16.0,0,1.3,22.9,3,missed,"Hill, Solomon",203524,3.6,false,0,kobe bryant,977
21400508,"JAN 04, 2015 - LAL vs. IND",H,W,1,8,3,11:44:00,7.2,7,8.2,9.0,2,missed,"Hill, Solomon",203524,1.4,false,0,kobe bryant,977
21400508,"JAN 04, 2015 - LAL vs. IND",H,W,1,9,3,10:19:00,6.0,5,7.4,11.2,2,made,"Hill, Solomon",203524,1.7,true,2,kobe bryant,977
21400508,"JAN 04, 2015 - LAL vs. IND",H,W,1,10,3,04:43:00,13.6,3,2.8,18.8,2,missed,"Hill, Solomon",203524,3.8,false,0,kobe bryant,977
21400508,"JAN 04, 2015 - LAL vs. IND",H,W,1,11,4,03:32:00,3.5,3,5.3,17.0,2,missed,"Hill, Solomon",203524,2.1,false,0,kobe bryant,977
21400508,"JAN 04, 2015 - LAL vs. IND",H,W,1,12,4,02:02:00,8.0,16,15.8,23.1,3,made,"West, David",2561,3.5,true,3,kobe bryant,977
21400508,"JAN 04, 2015 - LAL vs. IND",H,W,1,13,4,00:53:00,15.6,11,8.0,7.4,2,missed,"Hill, Solomon",203524,4.0,false,0,kobe bryant,977
21400508,"JAN 04, 2015 - LAL vs. IND",H,W,1,14,4,00:13:00,11.1,11,9.4,7.9,2,made,"Hill, Solomon",203524,2.3,true,2,kobe bryant,977
21400494,"JAN 02, 2015 - LAL vs. MEM",H,L,-3,1,1,08:02:00,,0,1.4,20.6,2,missed,"Allen, Tony",2754,4.0,false,0,kobe bryant,977
21400494,"JAN 02, 2015 - LAL vs. MEM",H,L,-3,2,2,04:37:00,,0,3.5,20.1,2,made,"Allen, Tony",2754,2.5,true,2,kobe bryant,977
21400494,"JAN 02, 2015 - LAL vs. MEM",H,L,-3,3,2,02:33:00,,5,5.0,22.3,2,missed,"Pondexter, Quincy",202347,3.4,false,0,kobe bryant,977
21400494,"JAN 02, 2015 - LAL vs. MEM",H,L,-3,4,2,02:03:00,,8,10.8,3.1,2,made,"Pondexter, Quincy",202347,0.0,true,2,kobe bryant,977
21400494,"JAN 02, 2015 - LAL vs. MEM",H,L,-3,5,3,10:38:00,4.0,3,3.3,19.0,2,missed,"Gasol, Marc",201188,4.0,false,0,kobe bryant,977
21400494,"JAN 02, 2015 - LAL vs. MEM",H,L,-3,6,3,10:11:00,14.1,0,0.8,24.4,3,made,"Allen, Tony",2754,4.9,true,3,kobe bryant,977
21400494,"JAN 02, 2015 - LAL vs. MEM",H,L,-3,7,3,09:43:00,12.5,2,3.4,22.8,2,made,"Allen, Tony",2754,4.4,true,2,kobe bryant,977
21400494,"JAN 02, 2015 - LAL vs. MEM",H,L,-3,8,3,08:37:00,13.4,0,1.1,25.4,3,missed,"Allen, Tony",2754,2.1,false,0,kobe bryant,977
21400494,"JAN 02, 2015 - LAL vs. MEM",H,L,-3,9,3,06:27:00,10.4,10,14.0,19.3,2,missed,"Allen, Tony",2754,3.0,false,0,kobe bryant,977
21400494,"JAN 02, 2015 - LAL vs. MEM",H,L,-3,10,3,03:33:00,9.9,0,1.1,2.6,2,missed,"Prince, Tayshaun",2419,1.3,false,0,kobe bryant,977
21400494,"JAN 02, 2015 - LAL vs. MEM",H,L,-3,11,3,02:36:00,4.1,4,8.2,3.9,2,made,"Prince, Tayshaun",2419,1.2,true,2,kobe bryant,977
21400494,"JAN 02, 2015 - LAL vs. MEM",H,L,-3,12,4,01:49:00,4.3,11,11.4,15.9,2,missed,"Pondexter, Quincy",202347,2.6,false,0,kobe bryant,977
21400494,"JAN 02, 2015 - LAL vs. MEM",H,L,-3,13,4,00:26:00,8.0,3,6.5,25.7,3,made,"Pondexter, Quincy",202347,2.9,true,3,kobe bryant,977
21400494,"JAN 02, 2015 - LAL vs. MEM",H,L,-3,14,4,00:00:00,,0,0.5,27.2,3,missed,"Pondexter, Quincy",202347,1.8,false,0,kobe bryant,977
21400471,"DEC 30, 2014 - LAL @ DEN",A,W,8,1,1,06:27:00,14.7,9,7.6,14.4,2,made,"Afflalo, Arron",201167,3.2,true,2,kobe bryant,977
21400471,"DEC 30, 2014 - LAL @ DEN",A,W,8,2,1,06:03:00,19.5,4,5.2,25.7,3,made,"Chandler, Wilson",201163,3.1,true,3,kobe bryant,977
21400471,"DEC 30, 2014 - LAL @ DEN",A,W,8,3,1,05:08:00,5.0,3,3.7,24.2,3,made,"Mozgov, Timofey",202389,5.0,true,3,kobe bryant,977
21400471,"DEC 30, 2014 - LAL @ DEN",A,W,8,4,2,04:15:00,14.1,13,10.8,13.7,2,made,"Robinson, Nate",101126,1.8,true,2,kobe bryant,977
21400471,"DEC 30, 2014 - LAL @ DEN",A,W,8,5,2,03:26:00,13.9,10,10.7,15.5,2,missed,"Chandler, Wilson",201163,2.8,false,0,kobe bryant,977
21400471,"DEC 30, 2014 - LAL @ DEN",A,W,8,6,3,11:43:00,9.0,3,5.0,12.0,2,made,"Afflalo, Arron",201167,3.4,true,2,kobe bryant,977
21400471,"DEC 30, 2014 - LAL @ DEN",A,W,8,7,3,06:15:00,19.5,8,6.3,25.0,3,missed,"Gee, Alonzo",202087,4.0,false,0,kobe bryant,977
21400471,"DEC 30, 2014 - LAL @ DEN",A,W,8,8,3,03:33:00,5.0,19,17.5,16.3,2,missed,"Gee, Alonzo",202087,2.8,false,0,kobe bryant,977
21400471,"DEC 30, 2014 - LAL @ DEN",A,W,8,9,3,01:39:00,0.1,12,12.4,22.1,2,missed,"Gee, Alonzo",202087,2.2,false,0,kobe bryant,977
21400471,"DEC 30, 2014 - LAL @ DEN",A,W,8,10,4,06:38:00,4.3,2,5.2,25.1,3,made,"Gee, Alonzo",202087,2.0,true,3,kobe bryant,977
21400471,"DEC 30, 2014 - LAL @ DEN",A,W,8,11,4,02:17:00,5.0,0,1.1,29.3,3,missed,"Hickson, JJ",201581,6.5,false,0,kobe bryant,977
21400458,"DEC 28, 2014 - LAL vs. PHX",H,L,-9,1,1,02:30:00,14.0,3,5.1,13.9,2,made,"Tucker, PJ",200782,3.8,true,2,kobe bryant,977
21400458,"DEC 28, 2014 - LAL vs. PHX",H,L,-9,2,2,04:01:00,13.0,4,4.0,25.5,3,missed,"Morris, Marcus",202694,4.6,false,0,kobe bryant,977
21400458,"DEC 28, 2014 - LAL vs. PHX",H,L,-9,3,2,03:43:00,14.1,2,2.4,8.0,2,missed,"Len, Alex",203458,2.1,false,0,kobe bryant,977
21400458,"DEC 28, 2014 - LAL vs. PHX",H,L,-9,4,2,00:28:00,5.8,6,7.5,14.5,2,missed,"Bledsoe, Eric",202339,3.0,false,0,kobe bryant,977
21400458,"DEC 28, 2014 - LAL vs. PHX",H,L,-9,5,3,11:46:00,9.7,2,4.3,16.8,2,made,"Tucker, PJ",200782,3.2,true,2,kobe bryant,977
21400458,"DEC 28, 2014 - LAL vs. PHX",H,L,-9,6,3,09:33:00,5.6,4,10.2,12.8,2,missed,"Tucker, PJ",200782,2.4,false,0,kobe bryant,977
21400458,"DEC 28, 2014 - LAL vs. PHX",H,L,-9,7,3,08:35:00,4.4,5,5.3,12.9,2,missed,"Dragic, Goran",201609,2.5,false,0,kobe bryant,977
21400458,"DEC 28, 2014 - LAL vs. PHX",H,L,-9,8,3,03:42:00,19.7,4,4.5,24.1,3,made,"Tucker, PJ",200782,5.4,true,3,kobe bryant,977
21400458,"DEC 28, 2014 - LAL vs. PHX",H,L,-9,9,3,02:58:00,14.8,2,4.6,17.8,2,made,"Tucker, PJ",200782,2.8,true,2,kobe bryant,977
21400458,"DEC 28, 2014 - LAL vs. PHX",H,L,-9,10,4,04:44:00,11.5,0,0.8,24.5,3,missed,"Tucker, PJ",200782,2.7,false,0,kobe bryant,977
21400402,"DEC 21, 2014 - LAL @ SAC",A,L,-7,1,1,11:45:00,10.6,0,3.8,17.3,2,missed,"McLemore, Ben",203463,3.3,false,0,kobe bryant,977
21400402,"DEC 21, 2014 - LAL @ SAC",A,L,-7,2,1,09:29:00,7.0,1,4.6,18.2,2,missed,"McLemore, Ben",203463,4.2,false,0,kobe bryant,977
21400402,"DEC 21, 2014 - LAL @ SAC",A,L,-7,3,1,05:26:00,14.2,0,0.8,19.2,2,missed,"McLemore, Ben",203463,5.2,false,0,kobe bryant,977
21400402,"DEC 21, 2014 - LAL @ SAC",A,L,-7,4,1,05:03:00,11.6,2,3.8,5.2,2,made,"McLemore, Ben",203463,0.0,true,2,kobe bryant,977
21400402,"DEC 21, 2014 - LAL @ SAC",A,L,-7,5,1,03:48:00,12.3,0,1.2,22.7,2,missed,"McLemore, Ben",203463,4.6,false,0,kobe bryant,977
21400402,"DEC 21, 2014 - LAL @ SAC",A,L,-7,6,1,01:21:00,9.3,0,3.9,24.8,3,made,"McLemore, Ben",203463,5.0,true,3,kobe bryant,977
21400402,"DEC 21, 2014 - LAL @ SAC",A,L,-7,7,1,00:53:00,15.0,7,6.4,10.9,2,missed,"McLemore, Ben",203463,2.4,false,0,kobe bryant,977
21400402,"DEC 21, 2014 - LAL @ SAC",A,L,-7,8,2,05:59:00,8.8,2,4.0,10.8,2,missed,"McLemore, Ben",203463,2.0,false,0,kobe bryant,977
21400402,"DEC 21, 2014 - LAL @ SAC",A,L,-7,9,2,05:07:00,14.3,2,2.0,21.0,2,missed,"McLemore, Ben",203463,3.2,false,0,kobe bryant,977
21400402,"DEC 21, 2014 - LAL @ SAC",A,L,-7,10,2,04:56:00,16.0,1,1.8,5.3,2,missed,"McLemore, Ben",203463,0.6,false,0,kobe bryant,977
21400402,"DEC 21, 2014 - LAL @ SAC",A,L,-7,11,2,02:59:00,16.5,8,6.8,14.7,2,missed,"Cousins, DeMarcus",202326,5.7,false,0,kobe bryant,977
21400402,"DEC 21, 2014 - LAL @ SAC",A,L,-7,12,2,02:06:00,8.5,0,1.4,18.6,2,missed,"Collison, Darren",201954,2.2,false,0,kobe bryant,977
21400402,"DEC 21, 2014 - LAL @ SAC",A,L,-7,13,2,00:53:00,5.4,1,2.0,23.4,3,made,"McLemore, Ben",203463,2.8,true,3,kobe bryant,977
21400402,"DEC 21, 2014 - LAL @ SAC",A,L,-7,14,3,09:44:00,1.5,2,3.4,32.3,3,made,"McLemore, Ben",203463,5.6,true,3,kobe bryant,977
21400402,"DEC 21, 2014 - LAL @ SAC",A,L,-7,15,3,08:23:00,9.2,7,7.7,23.3,3,missed,"McLemore, Ben",203463,3.6,false,0,kobe bryant,977
21400402,"DEC 21, 2014 - LAL @ SAC",A,L,-7,16,3,07:24:00,12.5,3,4.1,14.5,2,made,"McLemore, Ben",203463,3.0,true,2,kobe bryant,977
21400402,"DEC 21, 2014 - LAL @ SAC",A,L,-7,17,3,06:26:00,9.0,4,4.7,7.7,2,made,"McLemore, Ben",203463,2.1,true,2,kobe bryant,977
21400402,"DEC 21, 2014 - LAL @ SAC",A,L,-7,18,3,06:12:00,22.7,2,3.9,2.6,2,made,"McLemore, Ben",203463,3.8,true,2,kobe bryant,977
21400402,"DEC 21, 2014 - LAL @ SAC",A,L,-7,19,3,05:36:00,3.6,1,2.9,18.5,2,missed,"McLemore, Ben",203463,3.8,false,0,kobe bryant,977
21400402,"DEC 21, 2014 - LAL @ SAC",A,L,-7,20,3,04:34:00,5.4,6,6.6,25.1,3,missed,"Gay, Rudy",200752,3.3,false,0,kobe bryant,977
21400402,"DEC 21, 2014 - LAL @ SAC",A,L,-7,21,3,03:03:00,3.0,8,13.8,20.6,2,missed,"Landry, Carl",201171,1.5,false,0,kobe bryant,977
21400402,"DEC 21, 2014 - LAL @ SAC",A,L,-7,22,3,02:47:00,12.7,2,3.9,18.6,2,missed,"Cousins, DeMarcus",202326,2.8,false,0,kobe bryant,977
21400402,"DEC 21, 2014 - LAL @ SAC",A,L,-7,23,3,00:05:00,,8,7.4,6.5,2,missed,"Landry, Carl",201171,4.6,false,0,kobe bryant,977
21400402,"DEC 21, 2014 - LAL @ SAC",A,L,-7,24,4,05:59:00,5.2,0,1.0,25.2,3,missed,"McLemore, Ben",203463,1.8,false,0,kobe bryant,977
21400402,"DEC 21, 2014 - LAL @ SAC",A,L,-7,25,4,05:25:00,13.7,2,2.2,23.7,2,missed,"Gay, Rudy",200752,1.2,false,0,kobe bryant,977
21400402,"DEC 21, 2014 - LAL @ SAC",A,L,-7,26,4,04:09:00,12.3,15,13.0,19.8,2,missed,"Gay, Rudy",200752,3.6,false,0,kobe bryant,977
21400402,"DEC 21, 2014 - LAL @ SAC",A,L,-7,27,4,03:46:00,12.0,5,9.8,7.8,2,made,"Gay, Rudy",200752,2.6,true,2,kobe bryant,977
21400402,"DEC 21, 2014 - LAL @ SAC",A,L,-7,28,4,03:05:00,9.1,6,8.5,22.9,2,missed,"Gay, Rudy",200752,4.5,false,0,kobe bryant,977
21400402,"DEC 21, 2014 - LAL @ SAC",A,L,-7,29,4,02:04:00,21.2,3,3.8,25.1,3,missed,"Gay, Rudy",200752,4.5,false,0,kobe bryant,977
21400402,"DEC 21, 2014 - LAL @ SAC",A,L,-7,30,4,00:12:00,,0,0.9,23.2,3,missed,"Collison, Darren",201954,3.2,false,0,kobe bryant,977
21400392,"DEC 19, 2014 - LAL vs. OKC",H,L,-1,1,1,10:14:00,12.8,0,0.5,3.3,2,missed,"Roberson, Andre",203460,2.4,false,0,kobe bryant,977
21400392,"DEC 19, 2014 - LAL vs. OKC",H,L,-1,2,1,02:52:00,0.9,1,2.1,38.6,3,missed,"Roberson, Andre",203460,5.7,false,0,kobe bryant,977
21400392,"DEC 19, 2014 - LAL vs. OKC",H,L,-1,3,2,06:12:00,11.9,0,1.5,25.1,3,missed,"Roberson, Andre",203460,2.0,false,0,kobe bryant,977
21400392,"DEC 19, 2014 - LAL vs. OKC",H,L,-1,4,2,01:56:00,7.6,3,4.6,13.2,2,made,"Jackson, Reggie",202704,1.5,true,2,kobe bryant,977
21400392,"DEC 19, 2014 - LAL vs. OKC",H,L,-1,5,2,01:20:00,6.2,1,4.8,13.5,2,missed,"Roberson, Andre",203460,2.0,false,0,kobe bryant,977
21400392,"DEC 19, 2014 - LAL vs. OKC",H,L,-1,6,2,00:52:00,10.2,0,1.0,23.8,2,missed,"Roberson, Andre",203460,4.0,false,0,kobe bryant,977
21400392,"DEC 19, 2014 - LAL vs. OKC",H,L,-1,7,3,08:03:00,13.8,0,0.9,15.4,2,missed,"Roberson, Andre",203460,2.0,false,0,kobe bryant,977
21400392,"DEC 19, 2014 - LAL vs. OKC",H,L,-1,8,3,06:21:00,3.7,5,6.9,9.1,2,made,"Roberson, Andre",203460,1.6,true,2,kobe bryant,977
21400392,"DEC 19, 2014 - LAL vs. OKC",H,L,-1,9,3,05:50:00,5.5,3,4.8,14.7,2,missed,"Roberson, Andre",203460,2.3,false,0,kobe bryant,977
21400392,"DEC 19, 2014 - LAL vs. OKC",H,L,-1,10,3,05:32:00,17.7,0,1.0,24.4,3,missed,"Roberson, Andre",203460,11.1,false,0,kobe bryant,977
21400392,"DEC 19, 2014 - LAL vs. OKC",H,L,-1,11,4,05:39:00,6.3,8,8.4,15.8,2,missed,"Roberson, Andre",203460,3.1,false,0,kobe bryant,977
21400392,"DEC 19, 2014 - LAL vs. OKC",H,L,-1,12,4,02:38:00,2.2,2,4.8,17.0,2,made,"Roberson, Andre",203460,2.6,true,2,kobe bryant,977
21400392,"DEC 19, 2014 - LAL vs. OKC",H,L,-1,13,4,01:26:00,3.0,3,3.7,15.5,2,missed,"Roberson, Andre",203460,3.7,false,0,kobe bryant,977
21400392,"DEC 19, 2014 - LAL vs. OKC",H,L,-1,14,4,00:57:00,15.4,0,0.7,19.3,2,missed,"Roberson, Andre",203460,1.7,false,0,kobe bryant,977
21400392,"DEC 19, 2014 - LAL vs. OKC",H,L,-1,15,4,00:03:00,,3,3.8,18.5,2,missed,"Roberson, Andre",203460,0.8,false,0,kobe bryant,977
21400356,"DEC 15, 2014 - LAL @ IND",A,L,-19,1,1,11:09:00,8.6,0,2.9,21.1,2,missed,"Hill, Solomon",203524,3.8,false,0,kobe bryant,977
21400356,"DEC 15, 2014 - LAL @ IND",A,L,-19,2,1,10:07:00,8.4,1,1.9,17.4,2,made,"Hill, Solomon",203524,2.9,true,2,kobe bryant,977
21400356,"DEC 15, 2014 - LAL @ IND",A,L,-19,3,1,09:22:00,13.8,1,1.8,21.0,2,missed,"Hill, Solomon",203524,2.0,false,0,kobe bryant,977
21400356,"DEC 15, 2014 - LAL @ IND",A,L,-19,4,1,07:56:00,8.6,3,6.2,15.2,2,missed,"Hill, Solomon",203524,2.1,false,0,kobe bryant,977
21400356,"DEC 15, 2014 - LAL @ IND",A,L,-19,5,1,05:32:00,12.7,0,0.8,24.7,3,missed,"Hill, Solomon",203524,2.9,false,0,kobe bryant,977
21400356,"DEC 15, 2014 - LAL @ IND",A,L,-19,6,1,02:30:00,17.9,6,5.8,5.8,2,missed,"Hill, Solomon",203524,0.4,false,0,kobe bryant,977
21400356,"DEC 15, 2014 - LAL @ IND",A,L,-19,7,1,02:05:00,11.2,3,2.7,7.7,2,missed,"Watson, CJ",201228,1.6,false,0,kobe bryant,977
21400356,"DEC 15, 2014 - LAL @ IND",A,L,-19,8,2,05:40:00,18.1,6,6.1,25.2,3,missed,"Stuckey, Rodney",201155,3.1,false,0,kobe bryant,977
21400356,"DEC 15, 2014 - LAL @ IND",A,L,-19,9,2,05:15:00,5.4,1,4.2,16.9,2,missed,"Miles, CJ",101139,3.6,false,0,kobe bryant,977
21400356,"DEC 15, 2014 - LAL @ IND",A,L,-19,10,2,04:54:00,19.0,5,5.8,4.2,2,missed,"Stuckey, Rodney",201155,1.1,false,0,kobe bryant,977
21400356,"DEC 15, 2014 - LAL @ IND",A,L,-19,11,2,04:53:00,17.6,0,0.1,17.4,2,made,"Hill, Solomon",203524,2.6,true,2,kobe bryant,977
21400356,"DEC 15, 2014 - LAL @ IND",A,L,-19,12,2,02:16:00,4.4,1,5.4,18.0,2,missed,"Hill, Solomon",203524,1.9,false,0,kobe bryant,977
21400356,"DEC 15, 2014 - LAL @ IND",A,L,-19,13,2,00:32:00,19.0,1,4.6,23.1,3,made,"Hill, Solomon",203524,4.3,true,3,kobe bryant,977
21400356,"DEC 15, 2014 - LAL @ IND",A,L,-19,14,3,11:31:00,17.3,1,1.0,22.8,2,missed,"Hill, Solomon",203524,3.4,false,0,kobe bryant,977
21400356,"DEC 15, 2014 - LAL @ IND",A,L,-19,15,3,09:53:00,20.3,0,0.9,26.7,3,made,"Watson, CJ",201228,14.3,true,3,kobe bryant,977
21400356,"DEC 15, 2014 - LAL @ IND",A,L,-19,16,3,09:31:00,19.1,5,4.6,25.8,3,missed,"Hill, Solomon",203524,2.6,false,0,kobe bryant,977
21400356,"DEC 15, 2014 - LAL @ IND",A,L,-19,17,3,09:11:00,18.2,2,1.9,6.2,2,missed,"Hill, Solomon",203524,1.3,false,0,kobe bryant,977
21400356,"DEC 15, 2014 - LAL @ IND",A,L,-19,18,3,09:03:00,9.6,1,7.3,1.0,2,made,"West, David",2561,0.6,true,2,kobe bryant,977
21400356,"DEC 15, 2014 - LAL @ IND",A,L,-19,19,3,05:23:00,14.7,1,1.8,25.4,3,missed,"Hill, Solomon",203524,1.5,false,0,kobe bryant,977
21400356,"DEC 15, 2014 - LAL @ IND",A,L,-19,20,3,04:58:00,13.7,5,4.5,3.1,2,missed,"Hibbert, Roy",201579,0.0,false,0,kobe bryant,977
21400356,"DEC 15, 2014 - LAL @ IND",A,L,-19,21,3,04:43:00,20.3,2,3.0,4.6,2,made,"West, David",2561,0.7,true,2,kobe bryant,977
21400356,"DEC 15, 2014 - LAL @ IND",A,L,-19,22,3,04:31:00,21.6,3,3.8,4.0,2,made,"Watson, CJ",201228,3.2,true,2,kobe bryant,977
21400356,"DEC 15, 2014 - LAL @ IND",A,L,-19,23,3,03:57:00,18.3,0,0.9,24.6,3,missed,"Hill, Solomon",203524,2.9,false,0,kobe bryant,977
21400356,"DEC 15, 2014 - LAL @ IND",A,L,-19,24,3,01:37:00,17.5,5,4.4,4.7,2,made,"Hill, Solomon",203524,0.4,true,2,kobe bryant,977
21400356,"DEC 15, 2014 - LAL @ IND",A,L,-19,25,3,00:49:00,16.0,0,0.8,24.6,3,missed,"Miles, CJ",101139,4.2,false,0,kobe bryant,977
21400356,"DEC 15, 2014 - LAL @ IND",A,L,-19,26,3,00:41:00,18.7,10,5.3,16.4,2,missed,"Hill, Solomon",203524,2.6,false,0,kobe bryant,977
21400351,"DEC 14, 2014 - LAL @ MIN",A,W,6,1,1,11:11:00,7.0,1,3.8,23.0,2,missed,"Wiggins, Andrew",203952,2.6,false,0,kobe bryant,977
21400351,"DEC 14, 2014 - LAL @ MIN",A,W,6,2,1,08:45:00,11.0,0,1.2,24.6,3,missed,"Wiggins, Andrew",203952,6.2,false,0,kobe bryant,977
21400351,"DEC 14, 2014 - LAL @ MIN",A,W,6,3,1,07:22:00,10.0,10,8.2,13.5,2,missed,"Brewer, Corey",201147,2.6,false,0,kobe bryant,977
21400351,"DEC 14, 2014 - LAL @ MIN",A,W,6,4,1,03:25:00,11.7,1,1.3,8.0,2,made,"Dieng, Gorgui",203476,4.9,true,2,kobe bryant,977
21400351,"DEC 14, 2014 - LAL @ MIN",A,W,6,5,1,02:35:00,18.3,9,6.3,5.5,2,missed,"Budinger, Chase",201978,0.7,false,0,kobe bryant,977
21400351,"DEC 14, 2014 - LAL @ MIN",A,W,6,6,2,06:16:00,20.0,0,1.4,25.4,3,made,"Young, Thaddeus",201152,5.0,true,3,kobe bryant,977
21400351,"DEC 14, 2014 - LAL @ MIN",A,W,6,7,2,05:42:00,13.7,1,3.4,14.8,2,missed,"Brewer, Corey",201147,3.0,false,0,kobe bryant,977
21400351,"DEC 14, 2014 - LAL @ MIN",A,W,6,8,2,04:26:00,12.1,0,0.7,24.1,2,made,"LaVine, Zach",203897,3.7,true,2,kobe bryant,977
21400351,"DEC 14, 2014 - LAL @ MIN",A,W,6,9,2,03:31:00,19.1,4,6.0,24.7,3,missed,"Brewer, Corey",201147,4.0,false,0,kobe bryant,977
21400351,"DEC 14, 2014 - LAL @ MIN",A,W,6,10,2,02:20:00,10.7,0,0.9,25.3,3,missed,"LaVine, Zach",203897,4.1,false,0,kobe bryant,977
21400351,"DEC 14, 2014 - LAL @ MIN",A,W,6,11,3,07:16:00,10.9,8,6.6,18.5,2,missed,"Wiggins, Andrew",203952,2.5,false,0,kobe bryant,977
21400351,"DEC 14, 2014 - LAL @ MIN",A,W,6,12,3,00:33:00,14.7,11,9.2,25.8,3,missed,"Hummel, Robbie",203133,5.5,false,0,kobe bryant,977
21400351,"DEC 14, 2014 - LAL @ MIN",A,W,6,13,4,05:13:00,14.1,0,0.8,24.0,2,made,"LaVine, Zach",203897,4.4,true,2,kobe bryant,977
21400351,"DEC 14, 2014 - LAL @ MIN",A,W,6,14,4,04:26:00,3.1,6,8.2,25.2,3,missed,"LaVine, Zach",203897,2.4,false,0,kobe bryant,977
21400351,"DEC 14, 2014 - LAL @ MIN",A,W,6,15,4,04:02:00,9.3,14,13.0,11.5,2,made,"Dieng, Gorgui",203476,3.8,true,2,kobe bryant,977
21400351,"DEC 14, 2014 - LAL @ MIN",A,W,6,16,4,03:35:00,11.6,0,1.2,20.6,2,missed,"Wiggins, Andrew",203952,4.2,false,0,kobe bryant,977
21400351,"DEC 14, 2014 - LAL @ MIN",A,W,6,17,4,02:54:00,12.0,13,10.8,19.1,2,missed,"Wiggins, Andrew",203952,4.1,false,0,kobe bryant,977
21400351,"DEC 14, 2014 - LAL @ MIN",A,W,6,18,4,02:21:00,10.7,15,13.8,9.1,2,made,"Wiggins, Andrew",203952,2.4,true,2,kobe bryant,977
21400351,"DEC 14, 2014 - LAL @ MIN",A,W,6,19,4,01:04:00,6.1,2,2.1,27.5,3,made,"Wiggins, Andrew",203952,3.5,true,3,kobe bryant,977
21400351,"DEC 14, 2014 - LAL @ MIN",A,W,6,20,4,00:31:00,2.8,20,18.5,20.8,2,missed,"Wiggins, Andrew",203952,1.9,false,0,kobe bryant,977
21400339,"DEC 12, 2014 - LAL @ SAS",A,W,2,1,1,10:40:00,,0,1.0,22.5,2,missed,"Green, Danny",201980,4.7,false,0,kobe bryant,977
21400339,"DEC 12, 2014 - LAL @ SAS",A,W,2,2,1,08:08:00,,2,3.0,20.9,2,made,"Green, Danny",201980,4.9,true,2,kobe bryant,977
21400339,"DEC 12, 2014 - LAL @ SAS",A,W,2,3,1,06:52:00,,2,1.8,20.3,2,missed,"Duncan, Tim",1495,4.1,false,0,kobe bryant,977
21400339,"DEC 12, 2014 - LAL @ SAS",A,W,2,4,1,06:43:00,,0,0.0,1.6,2,missed,"Anderson, Kyle",203937,0.7,false,0,kobe bryant,977
21400339,"DEC 12, 2014 - LAL @ SAS",A,W,2,5,1,02:26:00,,1,1.6,3.8,2,made,"Diaw, Boris",2564,2.5,true,2,kobe bryant,977
21400339,"DEC 12, 2014 - LAL @ SAS",A,W,2,6,1,00:41:00,,0,0.9,25.0,3,missed,"Ginobili, Manu",1938,8.2,false,0,kobe bryant,977
21400339,"DEC 12, 2014 - LAL @ SAS",A,W,2,7,2,03:56:00,,0,1.5,18.1,2,missed,"Green, Danny",201980,4.7,false,0,kobe bryant,977
21400339,"DEC 12, 2014 - LAL @ SAS",A,W,2,8,2,02:37:00,,4,3.7,16.4,2,missed,"Green, Danny",201980,2.1,false,0,kobe bryant,977
21400339,"DEC 12, 2014 - LAL @ SAS",A,W,2,9,2,02:07:00,,1,2.1,3.6,2,made,"Duncan, Tim",1495,1.4,true,2,kobe bryant,977
21400339,"DEC 12, 2014 - LAL @ SAS",A,W,2,10,3,10:32:00,,1,1.4,15.6,2,made,"Green, Danny",201980,2.5,true,2,kobe bryant,977
21400339,"DEC 12, 2014 - LAL @ SAS",A,W,2,11,3,09:12:00,,1,1.2,16.9,2,made,"Green, Danny",201980,2.2,true,2,kobe bryant,977
21400339,"DEC 12, 2014 - LAL @ SAS",A,W,2,12,3,07:31:00,,1,1.2,25.2,3,missed,"Green, Danny",201980,4.3,false,0,kobe bryant,977
21400339,"DEC 12, 2014 - LAL @ SAS",A,W,2,13,3,06:29:00,,8,5.4,19.1,2,missed,"Green, Danny",201980,3.5,false,0,kobe bryant,977
21400339,"DEC 12, 2014 - LAL @ SAS",A,W,2,14,3,04:35:00,,11,14.2,17.0,2,missed,"Diaw, Boris",2564,2.6,false,0,kobe bryant,977
21400339,"DEC 12, 2014 - LAL @ SAS",A,W,2,15,3,02:07:00,,0,4.6,18.6,2,made,"Ginobili, Manu",1938,2.4,true,2,kobe bryant,977
21400339,"DEC 12, 2014 - LAL @ SAS",A,W,2,16,4,03:23:00,,3,5.7,15.0,2,missed,"Ginobili, Manu",1938,1.5,false,0,kobe bryant,977
21400339,"DEC 12, 2014 - LAL @ SAS",A,W,2,17,4,02:00:00,,0,1.1,28.8,3,made,"Green, Danny",201980,2.9,true,3,kobe bryant,977
21400339,"DEC 12, 2014 - LAL @ SAS",A,W,2,18,4,00:27:00,,8,10.7,17.1,2,missed,"Green, Danny",201980,3.6,false,0,kobe bryant,977
21400339,"DEC 12, 2014 - LAL @ SAS",A,W,2,19,4,00:05:00,,2,1.5,18.4,2,missed,"Diaw, Boris",2564,3.8,false,0,kobe bryant,977
21400339,"DEC 12, 2014 - LAL @ SAS",A,W,2,20,5,03:49:00,,2,5.5,25.1,3,missed,"Green, Danny",201980,2.3,false,0,kobe bryant,977
21400339,"DEC 12, 2014 - LAL @ SAS",A,W,2,21,5,01:14:00,,28,19.6,11.7,2,missed,"Duncan, Tim",1495,3.4,false,0,kobe bryant,977
21400339,"DEC 12, 2014 - LAL @ SAS",A,W,2,22,5,00:46:00,,4,4.8,3.8,2,missed,"Duncan, Tim",1495,3.7,false,0,kobe bryant,977
21400315,"DEC 09, 2014 - LAL vs. SAC",H,W,3,1,1,10:40:00,14.1,0,3.1,23.6,2,missed,"McLemore, Ben",203463,4.3,false,0,kobe bryant,977
21400315,"DEC 09, 2014 - LAL vs. SAC",H,W,3,2,1,09:42:00,12.7,0,1.0,22.4,2,made,"McLemore, Ben",203463,2.0,true,2,kobe bryant,977
21400315,"DEC 09, 2014 - LAL vs. SAC",H,W,3,3,1,09:08:00,7.5,0,1.0,24.4,3,missed,"Collison, Darren",201954,3.2,false,0,kobe bryant,977
21400315,"DEC 09, 2014 - LAL vs. SAC",H,W,3,4,1,06:12:00,8.1,1,2.8,15.2,2,made,"McLemore, Ben",203463,3.8,true,2,kobe bryant,977
21400315,"DEC 09, 2014 - LAL vs. SAC",H,W,3,5,1,05:25:00,6.0,2,4.3,10.2,2,missed,"McLemore, Ben",203463,5.8,false,0,kobe bryant,977
21400315,"DEC 09, 2014 - LAL vs. SAC",H,W,3,6,1,05:22:00,22.6,1,1.7,8.4,2,missed,"Evans, Reggie",2501,3.4,false,0,kobe bryant,977
21400315,"DEC 09, 2014 - LAL vs. SAC",H,W,3,7,1,05:19:00,24.0,0,0.0,1.2,2,missed,"McLemore, Ben",203463,0.4,false,0,kobe bryant,977
21400315,"DEC 09, 2014 - LAL vs. SAC",H,W,3,8,1,05:01:00,16.8,0,0.8,17.2,2,missed,"McLemore, Ben",203463,2.9,false,0,kobe bryant,977
21400315,"DEC 09, 2014 - LAL vs. SAC",H,W,3,9,1,02:52:00,18.7,1,1.9,4.9,2,made,"McLemore, Ben",203463,1.0,true,2,kobe bryant,977
21400315,"DEC 09, 2014 - LAL vs. SAC",H,W,3,10,1,02:34:00,16.3,0,2.7,24.4,3,missed,"McLemore, Ben",203463,4.1,false,0,kobe bryant,977
21400315,"DEC 09, 2014 - LAL vs. SAC",H,W,3,11,2,04:37:00,8.0,4,4.7,17.2,2,missed,"McLemore, Ben",203463,2.7,false,0,kobe bryant,977
21400315,"DEC 09, 2014 - LAL vs. SAC",H,W,3,12,2,03:01:00,16.3,1,6.0,16.2,2,missed,"McLemore, Ben",203463,4.0,false,0,kobe bryant,977
21400315,"DEC 09, 2014 - LAL vs. SAC",H,W,3,13,2,00:36:00,24.0,1,1.6,2.7,2,made,"Gay, Rudy",200752,12.2,true,2,kobe bryant,977
21400315,"DEC 09, 2014 - LAL vs. SAC",H,W,3,14,3,11:49:00,12.3,4,3.0,16.1,2,made,"McLemore, Ben",203463,2.9,true,2,kobe bryant,977
21400315,"DEC 09, 2014 - LAL vs. SAC",H,W,3,15,3,10:24:00,10.6,7,6.5,10.1,2,missed,"Gay, Rudy",200752,2.7,false,0,kobe bryant,977
21400315,"DEC 09, 2014 - LAL vs. SAC",H,W,3,16,3,09:55:00,4.4,0,1.2,29.7,3,missed,"Gay, Rudy",200752,4.6,false,0,kobe bryant,977
21400315,"DEC 09, 2014 - LAL vs. SAC",H,W,3,17,3,07:42:00,13.3,0,1.7,22.6,2,made,"McLemore, Ben",203463,4.1,true,2,kobe bryant,977
21400315,"DEC 09, 2014 - LAL vs. SAC",H,W,3,18,3,07:10:00,15.6,1,1.7,19.1,2,made,"Gay, Rudy",200752,3.1,true,2,kobe bryant,977
21400315,"DEC 09, 2014 - LAL vs. SAC",H,W,3,19,3,05:58:00,13.5,1,1.9,21.2,2,made,"Williams, Derrick",202682,3.7,true,2,kobe bryant,977
21400315,"DEC 09, 2014 - LAL vs. SAC",H,W,3,20,3,05:34:00,18.3,4,4.6,25.7,3,made,"Williams, Derrick",202682,4.8,true,3,kobe bryant,977
21400315,"DEC 09, 2014 - LAL vs. SAC",H,W,3,21,3,05:03:00,11.0,0,0.4,23.3,2,missed,"Thompson, Jason",201574,3.6,false,0,kobe bryant,977
21400315,"DEC 09, 2014 - LAL vs. SAC",H,W,3,22,3,04:39:00,7.2,1,1.6,17.7,2,missed,"Gay, Rudy",200752,2.8,false,0,kobe bryant,977
21400315,"DEC 09, 2014 - LAL vs. SAC",H,W,3,23,4,06:33:00,11.7,0,1.1,20.3,2,missed,"Williams, Derrick",202682,3.9,false,0,kobe bryant,977
21400315,"DEC 09, 2014 - LAL vs. SAC",H,W,3,24,4,03:35:00,15.8,0,3.6,25.0,3,missed,"Gay, Rudy",200752,1.9,false,0,kobe bryant,977
21400315,"DEC 09, 2014 - LAL vs. SAC",H,W,3,25,4,03:15:00,20.1,1,1.2,4.7,2,made,"Collison, Darren",201954,2.8,true,2,kobe bryant,977
21400315,"DEC 09, 2014 - LAL vs. SAC",H,W,3,26,4,02:21:00,21.0,0,1.1,25.1,3,made,"Gay, Rudy",200752,4.0,true,3,kobe bryant,977
21400315,"DEC 09, 2014 - LAL vs. SAC",H,W,3,27,4,00:55:00,6.4,16,12.8,17.7,2,missed,"Gay, Rudy",200752,5.0,false,0,kobe bryant,977
21400300,"DEC 07, 2014 - LAL vs. NOP",H,L,-17,1,1,11:34:00,,4,5.5,22.3,2,made,"Babbitt, Luke",202337,4.5,true,2,kobe bryant,977
21400300,"DEC 07, 2014 - LAL vs. NOP",H,L,-17,2,1,11:05:00,,0,1.2,24.5,3,missed,"Evans, Tyreke",201936,5.0,false,0,kobe bryant,977
21400300,"DEC 07, 2014 - LAL vs. NOP",H,L,-17,3,1,09:43:00,,1,2.3,24.5,3,missed,"Holiday, Jrue",201950,3.2,false,0,kobe bryant,977
21400300,"DEC 07, 2014 - LAL vs. NOP",H,L,-17,4,1,07:55:00,,7,6.2,10.2,2,missed,"Holiday, Jrue",201950,0.3,false,0,kobe bryant,977
21400300,"DEC 07, 2014 - LAL vs. NOP",H,L,-17,5,1,05:35:00,,1,2.2,19.2,2,made,"Evans, Tyreke",201936,3.7,true,2,kobe bryant,977
21400300,"DEC 07, 2014 - LAL vs. NOP",H,L,-17,6,1,04:28:00,,0,3.9,17.5,2,missed,"Babbitt, Luke",202337,3.6,false,0,kobe bryant,977
21400300,"DEC 07, 2014 - LAL vs. NOP",H,L,-17,7,1,03:33:00,,2,2.2,4.4,2,missed,"Babbitt, Luke",202337,0.5,false,0,kobe bryant,977
21400300,"DEC 07, 2014 - LAL vs. NOP",H,L,-17,8,1,01:32:00,,1,3.6,23.9,3,missed,"Cunningham, Dante",201967,4.6,false,0,kobe bryant,977
21400300,"DEC 07, 2014 - LAL vs. NOP",H,L,-17,9,2,04:15:00,,2,6.3,5.1,2,made,"Holiday, Jrue",201950,0.0,true,2,kobe bryant,977
21400300,"DEC 07, 2014 - LAL vs. NOP",H,L,-17,10,2,00:41:00,,3,6.4,13.7,2,missed,"Evans, Tyreke",201936,2.2,false,0,kobe bryant,977
21400300,"DEC 07, 2014 - LAL vs. NOP",H,L,-17,11,3,10:27:00,18.2,5,5.0,3.5,2,made,"Asik, Omer",201600,4.1,true,2,kobe bryant,977
21400300,"DEC 07, 2014 - LAL vs. NOP",H,L,-17,12,3,09:21:00,13.2,0,0.8,22.7,3,missed,"Evans, Tyreke",201936,4.4,false,0,kobe bryant,977
21400300,"DEC 07, 2014 - LAL vs. NOP",H,L,-17,13,3,08:27:00,7.0,2,5.0,20.7,2,made,"Holiday, Jrue",201950,5.7,true,2,kobe bryant,977
21400300,"DEC 07, 2014 - LAL vs. NOP",H,L,-17,14,3,06:36:00,16.4,2,3.4,9.2,2,made,"Holiday, Jrue",201950,4.8,true,2,kobe bryant,977
21400300,"DEC 07, 2014 - LAL vs. NOP",H,L,-17,15,3,06:09:00,11.1,0,1.1,21.1,2,missed,"Evans, Tyreke",201936,2.6,false,0,kobe bryant,977
21400300,"DEC 07, 2014 - LAL vs. NOP",H,L,-17,16,3,03:27:00,12.9,1,5.2,16.8,2,missed,"Davis, Anthony",203076,3.2,false,0,kobe bryant,977
21400300,"DEC 07, 2014 - LAL vs. NOP",H,L,-17,17,3,02:42:00,5.6,4,5.7,9.0,2,missed,"Cunningham, Dante",201967,1.6,false,0,kobe bryant,977
21400300,"DEC 07, 2014 - LAL vs. NOP",H,L,-17,18,4,03:45:00,12.6,2,2.2,25.0,3,missed,"Anderson, Ryan",201583,3.8,false,0,kobe bryant,977
21400279,"DEC 05, 2014 - LAL @ BOS",A,L,-17,1,1,09:51:00,15.4,1,2.1,14.7,2,missed,"Bradley, Avery",202340,3.1,false,0,kobe bryant,977
21400279,"DEC 05, 2014 - LAL @ BOS",A,L,-17,2,1,08:42:00,2.7,4,3.4,15.5,2,missed,"Green, Jeff",201145,3.1,false,0,kobe bryant,977
21400279,"DEC 05, 2014 - LAL @ BOS",A,L,-17,3,1,07:38:00,1.3,17,15.2,9.8,2,made,"Green, Jeff",201145,1.2,true,2,kobe bryant,977
21400279,"DEC 05, 2014 - LAL @ BOS",A,L,-17,4,1,06:49:00,13.7,0,1.5,20.4,2,missed,"Green, Jeff",201145,4.0,false,0,kobe bryant,977
21400279,"DEC 05, 2014 - LAL @ BOS",A,L,-17,5,1,05:25:00,4.7,4,3.5,19.4,2,missed,"Green, Jeff",201145,3.8,false,0,kobe bryant,977
21400279,"DEC 05, 2014 - LAL @ BOS",A,L,-17,6,1,03:45:00,18.2,5,5.9,15.8,2,made,"Zeller, Tyler",203092,1.9,true,2,kobe bryant,977
21400279,"DEC 05, 2014 - LAL @ BOS",A,L,-17,7,1,02:31:00,11.3,1,1.1,26.9,3,made,"Green, Jeff",201145,4.0,true,3,kobe bryant,977
21400279,"DEC 05, 2014 - LAL @ BOS",A,L,-17,8,2,05:32:00,16.5,2,2.5,22.5,2,made,"Turner, Evan",202323,1.5,true,2,kobe bryant,977
21400279,"DEC 05, 2014 - LAL @ BOS",A,L,-17,9,2,04:59:00,10.0,2,3.5,15.4,2,missed,"Turner, Evan",202323,2.6,false,0,kobe bryant,977
21400279,"DEC 05, 2014 - LAL @ BOS",A,L,-17,10,2,00:33:00,13.5,1,1.3,25.4,3,missed,"Turner, Evan",202323,0.2,false,0,kobe bryant,977
21400279,"DEC 05, 2014 - LAL @ BOS",A,L,-17,11,3,10:24:00,4.6,6,2.9,20.4,2,missed,"Green, Jeff",201145,3.3,false,0,kobe bryant,977
21400279,"DEC 05, 2014 - LAL @ BOS",A,L,-17,12,3,08:47:00,13.9,10,9.6,18.1,2,made,"Green, Jeff",201145,3.7,true,2,kobe bryant,977
21400279,"DEC 05, 2014 - LAL @ BOS",A,L,-17,13,3,07:13:00,8.0,1,4.0,16.5,2,missed,"Green, Jeff",201145,4.0,false,0,kobe bryant,977
21400279,"DEC 05, 2014 - LAL @ BOS",A,L,-17,14,3,06:13:00,15.0,8,9.4,7.7,2,missed,"Rondo, Rajon",200765,3.5,false,0,kobe bryant,977
21400279,"DEC 05, 2014 - LAL @ BOS",A,L,-17,15,3,04:02:00,10.4,4,4.5,1.3,2,made,"Bass, Brandon",101138,1.7,true,2,kobe bryant,977
21400279,"DEC 05, 2014 - LAL @ BOS",A,L,-17,16,3,03:36:00,15.9,0,0.9,25.8,3,missed,"Olynyk, Kelly",203482,8.5,false,0,kobe bryant,977
21400279,"DEC 05, 2014 - LAL @ BOS",A,L,-17,17,3,03:15:00,14.7,2,2.2,11.1,2,made,"Turner, Evan",202323,2.7,true,2,kobe bryant,977
21400279,"DEC 05, 2014 - LAL @ BOS",A,L,-17,18,3,02:31:00,9.0,5,5.1,0.6,2,made,"Turner, Evan",202323,1.7,true,2,kobe bryant,977
21400279,"DEC 05, 2014 - LAL @ BOS",A,L,-17,19,4,05:27:00,6.4,3,6.0,10.4,2,missed,"Green, Jeff",201145,4.1,false,0,kobe bryant,977
21400279,"DEC 05, 2014 - LAL @ BOS",A,L,-17,20,4,04:46:00,2.5,10,9.0,14.3,2,missed,"Green, Jeff",201145,2.6,false,0,kobe bryant,977
21400279,"DEC 05, 2014 - LAL @ BOS",A,L,-17,21,4,02:54:00,23.2,1,1.7,9.8,2,made,"Zeller, Tyler",203092,3.9,true,2,kobe bryant,977
21400264,"DEC 03, 2014 - LAL @ WAS",A,L,-16,1,1,10:21:00,6.0,1,1.0,18.1,2,made,"Beal, Bradley",203078,2.6,true,2,kobe bryant,977
21400264,"DEC 03, 2014 - LAL @ WAS",A,L,-16,2,1,09:55:00,11.0,1,4.9,12.1,2,made,"Beal, Bradley",203078,3.3,true,2,kobe bryant,977
21400264,"DEC 03, 2014 - LAL @ WAS",A,L,-16,3,1,09:29:00,13.0,0,1.1,19.8,2,missed,"Beal, Bradley",203078,2.1,false,0,kobe bryant,977
21400264,"DEC 03, 2014 - LAL @ WAS",A,L,-16,4,1,05:16:00,12.0,0,4.9,20.7,2,missed,"Beal, Bradley",203078,3.9,false,0,kobe bryant,977
21400264,"DEC 03, 2014 - LAL @ WAS",A,L,-16,5,1,04:57:00,20.5,0,1.0,1.0,2,missed,"Gortat, Marcin",101162,3.6,false,0,kobe bryant,977
21400264,"DEC 03, 2014 - LAL @ WAS",A,L,-16,6,1,04:09:00,18.9,2,4.7,14.9,2,made,"Beal, Bradley",203078,4.3,true,2,kobe bryant,977
21400264,"DEC 03, 2014 - LAL @ WAS",A,L,-16,7,1,03:09:00,9.5,1,3.1,14.0,2,missed,"Wall, John",202322,3.8,false,0,kobe bryant,977
21400264,"DEC 03, 2014 - LAL @ WAS",A,L,-16,8,1,02:11:00,6.1,4,11.5,9.8,2,made,"Beal, Bradley",203078,2.2,true,2,kobe bryant,977
21400264,"DEC 03, 2014 - LAL @ WAS",A,L,-16,9,1,01:45:00,9.2,10,10.1,24.3,3,made,"Butler, Rasual",2446,3.5,true,3,kobe bryant,977
21400264,"DEC 03, 2014 - LAL @ WAS",A,L,-16,10,1,01:18:00,15.3,8,7.2,26.3,3,made,"Butler, Rasual",2446,4.7,true,3,kobe bryant,977
21400264,"DEC 03, 2014 - LAL @ WAS",A,L,-16,11,1,00:51:00,15.1,8,7.0,25.4,3,missed,"Butler, Rasual",2446,2.8,false,0,kobe bryant,977
21400264,"DEC 03, 2014 - LAL @ WAS",A,L,-16,12,2,05:14:00,11.1,0,0.8,25.0,3,missed,"Beal, Bradley",203078,4.1,false,0,kobe bryant,977
21400264,"DEC 03, 2014 - LAL @ WAS",A,L,-16,13,2,02:41:00,10.0,2,2.9,15.7,2,made,"Beal, Bradley",203078,3.6,true,2,kobe bryant,977
21400264,"DEC 03, 2014 - LAL @ WAS",A,L,-16,14,2,01:58:00,13.4,11,8.9,15.4,2,made,"Beal, Bradley",203078,1.7,true,2,kobe bryant,977
21400264,"DEC 03, 2014 - LAL @ WAS",A,L,-16,15,2,01:27:00,5.0,3,4.7,15.8,2,missed,"Pierce, Paul",1718,2.4,false,0,kobe bryant,977
21400264,"DEC 03, 2014 - LAL @ WAS",A,L,-16,16,3,10:39:00,16.0,8,8.0,24.8,3,missed,"Pierce, Paul",1718,7.4,false,0,kobe bryant,977
21400264,"DEC 03, 2014 - LAL @ WAS",A,L,-16,17,3,09:06:00,8.6,6,6.8,14.4,2,missed,"Pierce, Paul",1718,3.0,false,0,kobe bryant,977
21400264,"DEC 03, 2014 - LAL @ WAS",A,L,-16,18,3,04:03:00,12.5,10,12.0,4.8,2,missed,"Gortat, Marcin",101162,2.2,false,0,kobe bryant,977
21400264,"DEC 03, 2014 - LAL @ WAS",A,L,-16,19,3,03:13:00,9.4,0,1.7,22.3,2,missed,"Wall, John",202322,6.0,false,0,kobe bryant,977
21400264,"DEC 03, 2014 - LAL @ WAS",A,L,-16,20,4,04:15:00,12.7,4,5.7,16.7,2,missed,"Butler, Rasual",2446,3.1,false,0,kobe bryant,977
21400264,"DEC 03, 2014 - LAL @ WAS",A,L,-16,21,4,01:26:00,4.3,5,7.0,25.8,3,missed,"Butler, Rasual",2446,4.1,false,0,kobe bryant,977
21400264,"DEC 03, 2014 - LAL @ WAS",A,L,-16,22,4,01:00:00,18.5,3,4.6,12.9,2,missed,"Butler, Rasual",2446,3.1,false,0,kobe bryant,977
21400255,"DEC 02, 2014 - LAL @ DET",A,W,10,1,1,11:27:00,7.1,0,2.8,21.6,2,missed,"Caldwell-Pope, Kentavious",203484,4.0,false,0,kobe bryant,977
21400255,"DEC 02, 2014 - LAL @ DET",A,W,10,2,1,04:51:00,8.6,1,1.9,4.1,2,missed,"Drummond, Andre",203083,4.9,false,0,kobe bryant,977
21400255,"DEC 02, 2014 - LAL @ DET",A,W,10,3,1,02:32:00,18.9,5,5.5,7.4,2,missed,"Drummond, Andre",203083,4.5,false,0,kobe bryant,977
21400255,"DEC 02, 2014 - LAL @ DET",A,W,10,4,2,06:08:00,10.4,0,7.4,21.0,2,missed,"Butler, Caron",2406,4.1,false,0,kobe bryant,977
21400255,"DEC 02, 2014 - LAL @ DET",A,W,10,5,2,05:01:00,16.4,0,0.8,23.5,3,missed,"Butler, Caron",2406,5.5,false,0,kobe bryant,977
21400255,"DEC 02, 2014 - LAL @ DET",A,W,10,6,3,07:28:00,12.6,1,3.3,14.5,2,made,"Caldwell-Pope, Kentavious",203484,2.5,true,2,kobe bryant,977
21400255,"DEC 02, 2014 - LAL @ DET",A,W,10,7,3,06:18:00,21.2,1,1.4,2.7,2,made,"Jennings, Brandon",201943,6.4,true,2,kobe bryant,977
21400255,"DEC 02, 2014 - LAL @ DET",A,W,10,8,3,05:58:00,20.1,4,5.0,25.6,3,made,"Caldwell-Pope, Kentavious",203484,4.2,true,3,kobe bryant,977
21400255,"DEC 02, 2014 - LAL @ DET",A,W,10,9,3,05:23:00,12.8,1,4.3,16.4,2,made,"Caldwell-Pope, Kentavious",203484,4.4,true,2,kobe bryant,977
21400255,"DEC 02, 2014 - LAL @ DET",A,W,10,10,3,03:50:00,18.2,6,5.9,25.1,3,missed,"Butler, Caron",2406,4.3,false,0,kobe bryant,977
21400255,"DEC 02, 2014 - LAL @ DET",A,W,10,11,3,02:59:00,14.8,8,8.8,0.1,2,missed,"Butler, Caron",2406,2.2,false,0,kobe bryant,977
21400248,"NOV 30, 2014 - LAL vs. TOR",H,W,7,1,1,03:40:00,10.9,9,13.5,12.4,2,made,"Ross, Terrence",203082,2.1,true,2,kobe bryant,977
21400248,"NOV 30, 2014 - LAL vs. TOR",H,W,7,2,1,02:27:00,3.7,2,5.9,15.6,2,made,"Ross, Terrence",203082,6.6,true,2,kobe bryant,977
21400248,"NOV 30, 2014 - LAL vs. TOR",H,W,7,3,1,01:48:00,8.6,0,5.8,17.1,2,made,"Johnson, James",201949,2.9,true,2,kobe bryant,977
21400248,"NOV 30, 2014 - LAL vs. TOR",H,W,7,4,1,01:01:00,3.0,9,13.0,23.2,2,made,"Johnson, James",201949,4.1,true,2,kobe bryant,977
21400248,"NOV 30, 2014 - LAL vs. TOR",H,W,7,5,3,09:39:00,8.6,7,6.3,4.5,2,missed,"Johnson, Amir",101161,0.7,false,0,kobe bryant,977
21400248,"NOV 30, 2014 - LAL vs. TOR",H,W,7,6,3,07:19:00,11.6,12,12.0,13.7,2,missed,"Vasquez, Greivis",202349,1.5,false,0,kobe bryant,977
21400248,"NOV 30, 2014 - LAL vs. TOR",H,W,7,7,3,05:49:00,13.3,2,7.1,8.1,2,missed,"Lowry, Kyle",200768,4.0,false,0,kobe bryant,977
21400248,"NOV 30, 2014 - LAL vs. TOR",H,W,7,8,3,05:07:00,13.5,1,5.0,23.6,2,made,"Ross, Terrence",203082,2.9,true,2,kobe bryant,977
21400248,"NOV 30, 2014 - LAL vs. TOR",H,W,7,9,3,04:45:00,14.9,1,3.8,23.8,2,missed,"Johnson, James",201949,2.4,false,0,kobe bryant,977
21400248,"NOV 30, 2014 - LAL vs. TOR",H,W,7,10,3,02:44:00,8.1,0,1.0,24.7,3,missed,"Johnson, James",201949,4.1,false,0,kobe bryant,977
21400248,"NOV 30, 2014 - LAL vs. TOR",H,W,7,11,3,01:44:00,6.0,0,4.8,20.4,2,missed,"Johnson, James",201949,4.0,false,0,kobe bryant,977
21400248,"NOV 30, 2014 - LAL vs. TOR",H,W,7,12,3,01:12:00,14.6,8,8.6,6.5,2,made,"Hansbrough, Tyler",201946,1.4,true,2,kobe bryant,977
21400248,"NOV 30, 2014 - LAL vs. TOR",H,W,7,13,4,05:32:00,7.3,3,4.4,4.3,2,missed,"Valanciunas, Jonas",202685,1.7,false,0,kobe bryant,977
21400248,"NOV 30, 2014 - LAL vs. TOR",H,W,7,14,4,05:12:00,17.5,6,6.4,3.3,2,missed,"Ross, Terrence",203082,2.5,false,0,kobe bryant,977
21400248,"NOV 30, 2014 - LAL vs. TOR",H,W,7,15,4,03:52:00,8.4,2,5.3,10.3,2,made,"Ross, Terrence",203082,2.2,true,2,kobe bryant,977
21400248,"NOV 30, 2014 - LAL vs. TOR",H,W,7,16,4,03:01:00,3.6,3,9.9,17.5,2,made,"Ross, Terrence",203082,3.7,true,2,kobe bryant,977
21400248,"NOV 30, 2014 - LAL vs. TOR",H,W,7,17,4,02:20:00,8.4,0,0.8,8.3,2,missed,"Patterson, Patrick",202335,2.8,false,0,kobe bryant,977
21400248,"NOV 30, 2014 - LAL vs. TOR",H,W,7,18,4,01:59:00,17.1,4,4.8,0.7,2,made,"Valanciunas, Jonas",202685,1.8,true,2,kobe bryant,977
21400248,"NOV 30, 2014 - LAL vs. TOR",H,W,7,19,4,00:59:00,4.0,9,7.8,19.7,2,missed,"Johnson, James",201949,2.6,false,0,kobe bryant,977
21400248,"NOV 30, 2014 - LAL vs. TOR",H,W,7,20,4,00:02:00,,13,10.7,5.5,2,missed,"Valanciunas, Jonas",202685,2.0,false,0,kobe bryant,977
21400248,"NOV 30, 2014 - LAL vs. TOR",H,W,7,21,5,04:20:00,17.9,6,4.8,9.6,2,missed,"Johnson, James",201949,3.4,false,0,kobe bryant,977
21400248,"NOV 30, 2014 - LAL vs. TOR",H,W,7,22,5,03:37:00,8.7,1,5.1,12.6,2,missed,"Ross, Terrence",203082,2.2,false,0,kobe bryant,977
21400248,"NOV 30, 2014 - LAL vs. TOR",H,W,7,23,5,02:25:00,4.0,4,6.7,15.9,2,made,"Johnson, James",201949,1.7,true,2,kobe bryant,977
21400248,"NOV 30, 2014 - LAL vs. TOR",H,W,7,24,5,01:53:00,10.0,14,14.5,15.4,2,made,"Ross, Terrence",203082,2.6,true,2,kobe bryant,977
21400234,"NOV 28, 2014 - LAL vs. MIN",H,L,-1,1,1,10:36:00,11.5,0,1.0,20.3,2,made,"Young, Thaddeus",201152,4.4,true,2,kobe bryant,977
21400234,"NOV 28, 2014 - LAL vs. MIN",H,L,-1,2,1,04:12:00,20.8,1,1.6,2.1,2,made,"Williams, Mo",2590,3.2,true,2,kobe bryant,977
21400234,"NOV 28, 2014 - LAL vs. MIN",H,L,-1,3,1,03:31:00,3.7,2,6.8,15.6,2,made,"Wiggins, Andrew",203952,4.3,true,2,kobe bryant,977
21400234,"NOV 28, 2014 - LAL vs. MIN",H,L,-1,4,1,01:51:00,4.2,2,5.8,15.4,2,missed,"Wiggins, Andrew",203952,2.9,false,0,kobe bryant,977
21400234,"NOV 28, 2014 - LAL vs. MIN",H,L,-1,5,1,01:40:00,18.4,0,1.6,19.1,2,made,"Bennett, Anthony",203461,5.1,true,2,kobe bryant,977
21400234,"NOV 28, 2014 - LAL vs. MIN",H,L,-1,6,1,01:17:00,19.5,4,4.4,1.6,2,made,"Young, Thaddeus",201152,5.6,true,2,kobe bryant,977
21400234,"NOV 28, 2014 - LAL vs. MIN",H,L,-1,7,2,06:14:00,7.2,1,3.6,9.9,2,missed,"Brewer, Corey",201147,3.8,false,0,kobe bryant,977
21400234,"NOV 28, 2014 - LAL vs. MIN",H,L,-1,8,2,04:17:00,10.9,2,6.6,5.0,2,missed,"Hummel, Robbie",203133,1.1,false,0,kobe bryant,977
21400234,"NOV 28, 2014 - LAL vs. MIN",H,L,-1,9,3,10:07:00,11.6,0,1.5,19.0,2,missed,"Williams, Mo",2590,9.0,false,0,kobe bryant,977
21400234,"NOV 28, 2014 - LAL vs. MIN",H,L,-1,10,3,08:27:00,15.4,2,3.0,6.3,2,missed,"Dieng, Gorgui",203476,2.8,false,0,kobe bryant,977
21400234,"NOV 28, 2014 - LAL vs. MIN",H,L,-1,11,3,08:27:00,15.2,0,0.0,5.4,2,missed,"Dieng, Gorgui",203476,2.3,false,0,kobe bryant,977
21400234,"NOV 28, 2014 - LAL vs. MIN",H,L,-1,12,3,06:25:00,13.5,11,10.4,3.5,2,missed,"Dieng, Gorgui",203476,1.6,false,0,kobe bryant,977
21400234,"NOV 28, 2014 - LAL vs. MIN",H,L,-1,13,3,04:20:00,20.7,0,0.7,1.2,2,made,"Brewer, Corey",201147,1.9,true,2,kobe bryant,977
21400234,"NOV 28, 2014 - LAL vs. MIN",H,L,-1,14,3,03:35:00,1.9,5,7.4,0.8,2,made,"Brewer, Corey",201147,2.6,true,2,kobe bryant,977
21400234,"NOV 28, 2014 - LAL vs. MIN",H,L,-1,15,3,02:30:00,6.1,0,3.8,11.9,2,made,"Brewer, Corey",201147,3.4,true,2,kobe bryant,977
21400234,"NOV 28, 2014 - LAL vs. MIN",H,L,-1,16,4,02:46:00,8.8,3,7.5,7.1,2,made,"Wiggins, Andrew",203952,1.6,true,2,kobe bryant,977
21400234,"NOV 28, 2014 - LAL vs. MIN",H,L,-1,17,4,00:07:00,,12,13.0,13.0,2,made,"Wiggins, Andrew",203952,2.1,true,2,kobe bryant,977
21400234,"NOV 28, 2014 - LAL vs. MIN",H,L,-1,18,4,00:01:00,,1,1.6,25.8,3,missed,"Wiggins, Andrew",203952,5.2,false,0,kobe bryant,977
21400222,"NOV 26, 2014 - LAL vs. MEM",H,L,-6,1,2,03:35:00,10.0,6,7.0,6.8,2,missed,"Pondexter, Quincy",202347,1.8,false,0,kobe bryant,977
21400222,"NOV 26, 2014 - LAL vs. MEM",H,L,-6,2,2,03:33:00,24.0,0,0.0,0.8,2,missed,"Gasol, Marc",201188,0.2,false,0,kobe bryant,977
21400222,"NOV 26, 2014 - LAL vs. MEM",H,L,-6,3,2,02:42:00,18.0,0,0.7,1.7,2,made,"Pondexter, Quincy",202347,1.2,true,2,kobe bryant,977
21400222,"NOV 26, 2014 - LAL vs. MEM",H,L,-6,4,2,01:35:00,3.3,2,5.6,13.3,2,missed,"Pondexter, Quincy",202347,0.3,false,0,kobe bryant,977
21400222,"NOV 26, 2014 - LAL vs. MEM",H,L,-6,5,3,07:26:00,11.5,0,1.0,2.6,2,missed,"Allen, Tony",2754,0.3,false,0,kobe bryant,977
21400222,"NOV 26, 2014 - LAL vs. MEM",H,L,-6,6,3,05:34:00,11.6,0,0.8,23.3,3,made,"Randolph, Zach",2216,2.3,true,3,kobe bryant,977
21400222,"NOV 26, 2014 - LAL vs. MEM",H,L,-6,7,3,04:17:00,18.3,0,1.1,25.0,3,made,"Lee, Courtney",201584,15.2,true,3,kobe bryant,977
21400222,"NOV 26, 2014 - LAL vs. MEM",H,L,-6,8,3,03:30:00,6.3,3,2.8,16.4,2,missed,"Gasol, Marc",201188,7.4,false,0,kobe bryant,977
21400222,"NOV 26, 2014 - LAL vs. MEM",H,L,-6,9,3,03:17:00,15.3,1,5.7,17.1,2,missed,"Pondexter, Quincy",202347,2.9,false,0,kobe bryant,977
21400222,"NOV 26, 2014 - LAL vs. MEM",H,L,-6,10,3,01:43:00,6.0,1,5.8,6.1,2,made,"Pondexter, Quincy",202347,4.5,true,2,kobe bryant,977
21400222,"NOV 26, 2014 - LAL vs. MEM",H,L,-6,11,4,04:15:00,11.0,1,2.1,6.6,2,missed,"Pondexter, Quincy",202347,0.2,false,0,kobe bryant,977
21400222,"NOV 26, 2014 - LAL vs. MEM",H,L,-6,12,4,03:02:00,15.1,3,7.0,1.8,2,made,"Pondexter, Quincy",202347,1.9,true,2,kobe bryant,977
21400222,"NOV 26, 2014 - LAL vs. MEM",H,L,-6,13,4,02:28:00,18.5,1,3.1,23.7,3,missed,"Pondexter, Quincy",202347,1.0,false,0,kobe bryant,977
21400222,"NOV 26, 2014 - LAL vs. MEM",H,L,-6,14,4,01:12:00,18.0,0,1.1,24.5,3,missed,"Conley, Mike",201144,3.6,false,0,kobe bryant,977
21400222,"NOV 26, 2014 - LAL vs. MEM",H,L,-6,15,4,00:12:00,,0,0.0,25.6,3,missed,"Pondexter, Quincy",202347,2.8,false,0,kobe bryant,977
21400197,"NOV 23, 2014 - LAL vs. DEN",H,L,-7,1,1,11:44:00,12.8,1,1.9,8.4,2,made,"Chandler, Wilson",201163,3.4,true,2,kobe bryant,977
21400197,"NOV 23, 2014 - LAL vs. DEN",H,L,-7,2,1,10:08:00,9.6,1,7.1,20.3,2,made,"Afflalo, Arron",201167,4.1,true,2,kobe bryant,977
21400197,"NOV 23, 2014 - LAL vs. DEN",H,L,-7,3,1,08:14:00,4.2,1,2.3,15.5,2,missed,"Chandler, Wilson",201163,2.4,false,0,kobe bryant,977
21400197,"NOV 23, 2014 - LAL vs. DEN",H,L,-7,4,1,06:32:00,4.1,3,4.2,13.3,2,made,"Afflalo, Arron",201167,2.6,true,2,kobe bryant,977
21400197,"NOV 23, 2014 - LAL vs. DEN",H,L,-7,5,1,05:14:00,9.1,7,5.5,13.3,2,missed,"Afflalo, Arron",201167,2.5,false,0,kobe bryant,977
21400197,"NOV 23, 2014 - LAL vs. DEN",H,L,-7,6,1,04:32:00,23.1,0,1.3,11.6,2,made,"McGee, JaVale",201580,3.4,true,2,kobe bryant,977
21400197,"NOV 23, 2014 - LAL vs. DEN",H,L,-7,7,1,03:42:00,3.9,1,6.0,13.4,2,missed,"Afflalo, Arron",201167,1.6,false,0,kobe bryant,977
21400197,"NOV 23, 2014 - LAL vs. DEN",H,L,-7,8,2,05:23:00,9.4,0,5.9,6.7,2,made,"Afflalo, Arron",201167,1.8,true,2,kobe bryant,977
21400197,"NOV 23, 2014 - LAL vs. DEN",H,L,-7,9,2,00:35:00,11.6,3,5.5,25.5,3,missed,"Chandler, Wilson",201163,3.9,false,0,kobe bryant,977
21400197,"NOV 23, 2014 - LAL vs. DEN",H,L,-7,10,3,09:25:00,7.3,1,3.8,6.8,2,made,"Afflalo, Arron",201167,1.9,true,2,kobe bryant,977
21400197,"NOV 23, 2014 - LAL vs. DEN",H,L,-7,11,4,08:35:00,12.6,3,4.5,15.4,2,made,"Gallinari, Danilo",201568,3.5,true,2,kobe bryant,977
21400197,"NOV 23, 2014 - LAL vs. DEN",H,L,-7,12,4,07:00:00,7.5,2,4.9,16.7,2,missed,"Afflalo, Arron",201167,2.9,false,0,kobe bryant,977
21400197,"NOV 23, 2014 - LAL vs. DEN",H,L,-7,13,4,05:15:00,5.6,1,4.0,14.3,2,missed,"Afflalo, Arron",201167,3.0,false,0,kobe bryant,977
21400197,"NOV 23, 2014 - LAL vs. DEN",H,L,-7,14,4,04:56:00,14.9,9,7.3,4.4,2,missed,"Mozgov, Timofey",202389,0.7,false,0,kobe bryant,977
21400197,"NOV 23, 2014 - LAL vs. DEN",H,L,-7,15,4,04:53:00,23.6,0,0.8,4.9,2,made,"Chandler, Wilson",201163,3.7,true,2,kobe bryant,977
21400197,"NOV 23, 2014 - LAL vs. DEN",H,L,-7,16,4,03:36:00,14.0,11,11.6,11.5,2,made,"Afflalo, Arron",201167,3.2,true,2,kobe bryant,977
21400197,"NOV 23, 2014 - LAL vs. DEN",H,L,-7,17,4,02:41:00,8.1,12,14.2,12.5,2,missed,"Chandler, Wilson",201163,2.6,false,0,kobe bryant,977
21400197,"NOV 23, 2014 - LAL vs. DEN",H,L,-7,18,4,02:01:00,5.0,1,5.0,17.0,2,missed,"Chandler, Wilson",201163,2.4,false,0,kobe bryant,977
21400197,"NOV 23, 2014 - LAL vs. DEN",H,L,-7,19,4,01:16:00,18.2,7,6.0,2.7,2,missed,"Mozgov, Timofey",202389,1.3,false,0,kobe bryant,977
21400197,"NOV 23, 2014 - LAL vs. DEN",H,L,-7,20,4,00:36:00,3.0,20,17.7,13.3,2,missed,"Chandler, Wilson",201163,3.7,false,0,kobe bryant,977
21400197,"NOV 23, 2014 - LAL vs. DEN",H,L,-7,21,4,00:03:00,,1,8.6,21.9,2,missed,"Chandler, Wilson",201163,4.1,false,0,kobe bryant,977
21400197,"NOV 23, 2014 - LAL vs. DEN",H,L,-7,22,5,01:21:00,16.8,1,3.4,11.1,2,made,"Chandler, Wilson",201163,2.4,true,2,kobe bryant,977
21400197,"NOV 23, 2014 - LAL vs. DEN",H,L,-7,23,5,00:53:00,16.9,7,6.7,9.5,2,missed,"Chandler, Wilson",201163,2.8,false,0,kobe bryant,977
21400197,"NOV 23, 2014 - LAL vs. DEN",H,L,-7,24,5,00:15:00,,3,3.0,28.3,3,missed,"Mozgov, Timofey",202389,2.8,false,0,kobe bryant,977
21400180,"NOV 21, 2014 - LAL @ DAL",A,L,-34,1,1,10:42:00,12.1,0,0.9,18.6,2,missed,"Parsons, Chandler",202718,3.7,false,0,kobe bryant,977
21400180,"NOV 21, 2014 - LAL @ DAL",A,L,-34,2,1,08:40:00,18.5,8,6.8,19.7,2,missed,"Parsons, Chandler",202718,4.4,false,0,kobe bryant,977
21400180,"NOV 21, 2014 - LAL @ DAL",A,L,-34,3,1,03:34:00,16.4,9,8.2,20.4,2,missed,"Parsons, Chandler",202718,4.9,false,0,kobe bryant,977
21400180,"NOV 21, 2014 - LAL @ DAL",A,L,-34,4,1,03:19:00,13.4,3,5.9,13.1,2,missed,"Parsons, Chandler",202718,2.7,false,0,kobe bryant,977
21400180,"NOV 21, 2014 - LAL @ DAL",A,L,-34,5,1,03:10:00,23.7,0,0.8,3.5,2,missed,"Wright, Brandan",201148,1.3,false,0,kobe bryant,977
21400180,"NOV 21, 2014 - LAL @ DAL",A,L,-34,6,1,01:59:00,14.1,0,3.4,17.5,2,missed,"Parsons, Chandler",202718,3.7,false,0,kobe bryant,977
21400180,"NOV 21, 2014 - LAL @ DAL",A,L,-34,7,1,01:29:00,3.7,2,5.4,0.1,2,missed,"Parsons, Chandler",202718,1.5,false,0,kobe bryant,977
21400180,"NOV 21, 2014 - LAL @ DAL",A,L,-34,8,2,07:02:00,5.8,0,1.2,34.6,3,missed,"Crowder, Jae",203109,6.6,false,0,kobe bryant,977
21400180,"NOV 21, 2014 - LAL @ DAL",A,L,-34,9,2,05:01:00,8.9,3,4.4,16.9,2,made,"Parsons, Chandler",202718,4.4,true,2,kobe bryant,977
21400180,"NOV 21, 2014 - LAL @ DAL",A,L,-34,10,2,03:12:00,18.0,5,5.8,4.4,2,made,"Nowitzki, Dirk",1717,4.2,true,2,kobe bryant,977
21400180,"NOV 21, 2014 - LAL @ DAL",A,L,-34,11,2,01:19:00,12.0,0,0.7,23.9,3,made,"Parsons, Chandler",202718,2.7,true,3,kobe bryant,977
21400180,"NOV 21, 2014 - LAL @ DAL",A,L,-34,12,2,00:22:00,13.6,0,1.3,26.2,3,missed,"Parsons, Chandler",202718,1.4,false,0,kobe bryant,977
21400180,"NOV 21, 2014 - LAL @ DAL",A,L,-34,13,3,11:46:00,20.5,2,2.4,19.6,2,missed,"Parsons, Chandler",202718,3.1,false,0,kobe bryant,977
21400180,"NOV 21, 2014 - LAL @ DAL",A,L,-34,14,3,10:36:00,13.5,0,0.8,19.7,2,missed,"Parsons, Chandler",202718,3.6,false,0,kobe bryant,977
21400180,"NOV 21, 2014 - LAL @ DAL",A,L,-34,15,3,06:58:00,12.0,0,1.2,15.0,2,made,"Chandler, Tyson",2199,5.2,true,2,kobe bryant,977
21400180,"NOV 21, 2014 - LAL @ DAL",A,L,-34,16,3,05:19:00,14.4,3,4.2,18.4,2,missed,"Wright, Brandan",201148,4.0,false,0,kobe bryant,977
21400180,"NOV 21, 2014 - LAL @ DAL",A,L,-34,17,3,05:12:00,23.0,0,1.4,8.5,2,missed,"Wright, Brandan",201148,2.1,false,0,kobe bryant,977
21400180,"NOV 21, 2014 - LAL @ DAL",A,L,-34,18,3,03:49:00,17.2,8,7.3,20.6,2,missed,"Parsons, Chandler",202718,4.4,false,0,kobe bryant,977
21400180,"NOV 21, 2014 - LAL @ DAL",A,L,-34,19,3,02:20:00,13.3,10,10.1,8.7,2,made,"Parsons, Chandler",202718,3.1,true,2,kobe bryant,977
21400180,"NOV 21, 2014 - LAL @ DAL",A,L,-34,20,3,01:53:00,13.9,0,1.0,16.1,2,missed,"Parsons, Chandler",202718,2.1,false,0,kobe bryant,977
21400180,"NOV 21, 2014 - LAL @ DAL",A,L,-34,21,3,00:52:00,13.5,1,1.0,22.4,2,made,"Aminu, Al-Farouq",202329,3.0,true,2,kobe bryant,977
21400180,"NOV 21, 2014 - LAL @ DAL",A,L,-34,22,3,00:07:00,,9,6.3,25.3,3,missed,"Barea, Jose Juan",200826,4.9,false,0,kobe bryant,977
21400169,"NOV 19, 2014 - LAL @ HOU",A,W,6,1,1,11:34:00,,0,1.0,24.8,3,made,"Ariza, Trevor",2772,4.8,true,3,kobe bryant,977
21400169,"NOV 19, 2014 - LAL @ HOU",A,W,6,2,1,09:18:00,,2,5.3,5.6,2,missed,"Black, Tarik",204028,1.2,false,0,kobe bryant,977
21400169,"NOV 19, 2014 - LAL @ HOU",A,W,6,3,1,08:23:00,,6,7.0,25.6,3,missed,"Beverley, Patrick",201976,4.1,false,0,kobe bryant,977
21400169,"NOV 19, 2014 - LAL @ HOU",A,W,6,4,1,03:54:00,9.2,0,3.1,23.1,3,missed,"Ariza, Trevor",2772,3.5,false,0,kobe bryant,977
21400169,"NOV 19, 2014 - LAL @ HOU",A,W,6,5,1,02:13:00,0.9,0,1.2,15.4,2,missed,"Garcia, Francisco",101128,3.3,false,0,kobe bryant,977
21400169,"NOV 19, 2014 - LAL @ HOU",A,W,6,6,1,01:48:00,5.7,4,7.2,10.5,2,missed,"Ariza, Trevor",2772,4.3,false,0,kobe bryant,977
21400169,"NOV 19, 2014 - LAL @ HOU",A,W,6,7,2,06:23:00,11.5,0,0.7,2.2,2,made,"Black, Tarik",204028,8.4,true,2,kobe bryant,977
21400169,"NOV 19, 2014 - LAL @ HOU",A,W,6,8,2,05:26:00,11.0,2,3.2,16.7,2,made,"Ariza, Trevor",2772,5.1,true,2,kobe bryant,977
21400169,"NOV 19, 2014 - LAL @ HOU",A,W,6,9,2,04:39:00,8.8,3,7.7,17.7,2,made,"Harden, James",201935,2.9,true,2,kobe bryant,977
21400169,"NOV 19, 2014 - LAL @ HOU",A,W,6,10,2,02:21:00,4.2,1,8.2,15.4,2,made,"Ariza, Trevor",2772,2.7,true,2,kobe bryant,977
21400169,"NOV 19, 2014 - LAL @ HOU",A,W,6,11,2,00:04:00,4.0,6,7.7,2.4,2,made,"Ariza, Trevor",2772,3.8,true,2,kobe bryant,977
21400169,"NOV 19, 2014 - LAL @ HOU",A,W,6,12,3,11:12:00,16.5,2,5.8,22.3,2,made,"Ariza, Trevor",2772,2.4,true,2,kobe bryant,977
21400169,"NOV 19, 2014 - LAL @ HOU",A,W,6,13,3,09:02:00,17.0,5,5.5,14.5,2,missed,"Black, Tarik",204028,4.6,false,0,kobe bryant,977
21400169,"NOV 19, 2014 - LAL @ HOU",A,W,6,14,3,07:34:00,10.9,1,2.6,19.5,2,missed,"Beverley, Patrick",201976,3.1,false,0,kobe bryant,977
21400169,"NOV 19, 2014 - LAL @ HOU",A,W,6,15,3,05:24:00,6.1,2,2.4,18.1,2,missed,"Black, Tarik",204028,4.0,false,0,kobe bryant,977
21400169,"NOV 19, 2014 - LAL @ HOU",A,W,6,16,3,05:13:00,14.3,9,8.9,19.2,2,made,"Papanikolaou, Kostas",203123,3.6,true,2,kobe bryant,977
21400169,"NOV 19, 2014 - LAL @ HOU",A,W,6,17,3,04:15:00,19.1,4,2.9,25.3,3,missed,"Papanikolaou, Kostas",203123,4.9,false,0,kobe bryant,977
21400169,"NOV 19, 2014 - LAL @ HOU",A,W,6,18,3,03:08:00,6.9,0,1.0,2.1,2,missed,"Garcia, Francisco",101128,0.8,false,0,kobe bryant,977
21400169,"NOV 19, 2014 - LAL @ HOU",A,W,6,19,3,02:20:00,4.7,1,3.5,31.9,3,missed,"Garcia, Francisco",101128,4.6,false,0,kobe bryant,977
21400169,"NOV 19, 2014 - LAL @ HOU",A,W,6,20,3,01:40:00,12.0,0,1.3,10.8,2,missed,"Garcia, Francisco",101128,2.5,false,0,kobe bryant,977
21400169,"NOV 19, 2014 - LAL @ HOU",A,W,6,21,3,01:26:00,14.7,3,4.9,4.4,2,missed,"Beverley, Patrick",201976,3.2,false,0,kobe bryant,977
21400169,"NOV 19, 2014 - LAL @ HOU",A,W,6,22,3,00:32:00,12.7,0,0.9,25.6,3,missed,"Garcia, Francisco",101128,2.1,false,0,kobe bryant,977
21400169,"NOV 19, 2014 - LAL @ HOU",A,W,6,23,4,07:07:00,7.6,1,4.6,12.8,2,missed,"Ariza, Trevor",2772,3.7,false,0,kobe bryant,977
21400169,"NOV 19, 2014 - LAL @ HOU",A,W,6,24,4,05:03:00,14.1,9,9.3,7.1,2,made,"Black, Tarik",204028,1.9,true,2,kobe bryant,977
21400169,"NOV 19, 2014 - LAL @ HOU",A,W,6,25,4,04:30:00,10.7,13,12.6,21.8,2,missed,"Papanikolaou, Kostas",203123,3.5,false,0,kobe bryant,977
21400169,"NOV 19, 2014 - LAL @ HOU",A,W,6,26,4,03:00:00,11.6,12,10.8,12.8,2,missed,"Ariza, Trevor",2772,2.9,false,0,kobe bryant,977
21400169,"NOV 19, 2014 - LAL @ HOU",A,W,6,27,4,01:44:00,10.4,1,6.0,21.6,2,made,"Ariza, Trevor",2772,3.3,true,2,kobe bryant,977
21400169,"NOV 19, 2014 - LAL @ HOU",A,W,6,28,4,01:10:00,9.5,2,2.9,27.3,3,missed,"Black, Tarik",204028,4.5,false,0,kobe bryant,977
21400155,"NOV 18, 2014 - LAL @ ATL",A,W,5,1,1,10:47:00,1.6,1,3.6,15.3,2,made,"Sefolosha, Thabo",200757,3.3,true,2,kobe bryant,977
21400155,"NOV 18, 2014 - LAL @ ATL",A,W,5,2,1,07:27:00,7.6,2,2.3,18.2,2,missed,"Sefolosha, Thabo",200757,3.2,false,0,kobe bryant,977
21400155,"NOV 18, 2014 - LAL @ ATL",A,W,5,3,1,04:16:00,15.0,10,9.6,23.3,3,made,"Bazemore, Kent",203145,5.5,true,3,kobe bryant,977
21400155,"NOV 18, 2014 - LAL @ ATL",A,W,5,4,1,03:38:00,20.0,6,5.4,26.0,3,missed,"Bazemore, Kent",203145,4.3,false,0,kobe bryant,977
21400155,"NOV 18, 2014 - LAL @ ATL",A,W,5,5,1,00:59:00,14.3,0,2.9,16.2,2,made,"Bazemore, Kent",203145,4.4,true,2,kobe bryant,977
21400155,"NOV 18, 2014 - LAL @ ATL",A,W,5,6,2,06:32:00,21.1,0,0.8,2.2,2,made,"Teague, Jeff",201952,2.8,true,2,kobe bryant,977
21400155,"NOV 18, 2014 - LAL @ ATL",A,W,5,7,2,04:59:00,15.0,0,1.2,22.8,3,made,"Sefolosha, Thabo",200757,3.9,true,3,kobe bryant,977
21400155,"NOV 18, 2014 - LAL @ ATL",A,W,5,8,2,00:58:00,12.5,11,11.9,24.8,3,made,"Sefolosha, Thabo",200757,3.4,true,3,kobe bryant,977
21400155,"NOV 18, 2014 - LAL @ ATL",A,W,5,9,2,00:13:00,8.6,0,1.9,25.4,3,missed,"Sefolosha, Thabo",200757,2.3,false,0,kobe bryant,977
21400155,"NOV 18, 2014 - LAL @ ATL",A,W,5,10,3,10:47:00,12.7,0,0.7,25.5,3,missed,"Sefolosha, Thabo",200757,3.1,false,0,kobe bryant,977
21400155,"NOV 18, 2014 - LAL @ ATL",A,W,5,11,4,04:43:00,13.0,10,11.0,19.2,2,made,"Teague, Jeff",201952,3.8,true,2,kobe bryant,977
21400155,"NOV 18, 2014 - LAL @ ATL",A,W,5,12,4,04:19:00,14.4,13,9.3,26.0,3,missed,"Sefolosha, Thabo",200757,3.8,false,0,kobe bryant,977
21400155,"NOV 18, 2014 - LAL @ ATL",A,W,5,13,4,04:13:00,22.5,1,2.2,5.6,2,made,"Millsap, Paul",200794,2.3,true,2,kobe bryant,977
21400155,"NOV 18, 2014 - LAL @ ATL",A,W,5,14,4,03:48:00,11.9,15,11.2,20.0,2,missed,"Sefolosha, Thabo",200757,3.4,false,0,kobe bryant,977
21400155,"NOV 18, 2014 - LAL @ ATL",A,W,5,15,4,03:07:00,9.0,2,2.9,14.6,2,missed,"Sefolosha, Thabo",200757,3.2,false,0,kobe bryant,977
21400155,"NOV 18, 2014 - LAL @ ATL",A,W,5,16,4,02:27:00,20.5,2,3.0,9.6,2,made,"Horford, Al",201143,1.1,true,2,kobe bryant,977
21400155,"NOV 18, 2014 - LAL @ ATL",A,W,5,17,4,01:12:00,8.8,0,0.0,16.6,2,made,"Sefolosha, Thabo",200757,2.4,true,2,kobe bryant,977
21400155,"NOV 18, 2014 - LAL @ ATL",A,W,5,18,4,00:23:00,6.6,8,10.7,20.4,2,missed,"Sefolosha, Thabo",200757,1.6,false,0,kobe bryant,977
21400145,"NOV 16, 2014 - LAL vs. GSW",H,L,-21,1,1,10:53:00,18.2,0,1.8,24.1,3,missed,"Barnes, Harrison",203084,6.8,false,0,kobe bryant,977
21400145,"NOV 16, 2014 - LAL vs. GSW",H,L,-21,2,1,10:21:00,12.0,1,2.3,22.3,2,made,"Green, Draymond",203110,4.5,true,2,kobe bryant,977
21400145,"NOV 16, 2014 - LAL vs. GSW",H,L,-21,3,1,09:49:00,14.5,0,1.2,22.7,2,missed,"Thompson, Klay",202691,2.9,false,0,kobe bryant,977
21400145,"NOV 16, 2014 - LAL vs. GSW",H,L,-21,4,1,08:54:00,15.4,5,7.4,16.8,2,made,"Thompson, Klay",202691,2.6,true,2,kobe bryant,977
21400145,"NOV 16, 2014 - LAL vs. GSW",H,L,-21,5,1,08:29:00,15.0,1,4.0,14.8,2,missed,"Thompson, Klay",202691,2.4,false,0,kobe bryant,977
21400145,"NOV 16, 2014 - LAL vs. GSW",H,L,-21,6,1,07:27:00,15.4,6,9.3,15.4,2,made,"Green, Draymond",203110,6.3,true,2,kobe bryant,977
21400145,"NOV 16, 2014 - LAL vs. GSW",H,L,-21,7,1,06:14:00,18.6,3,3.9,21.9,2,made,"Green, Draymond",203110,3.7,true,2,kobe bryant,977
21400145,"NOV 16, 2014 - LAL vs. GSW",H,L,-21,8,1,05:45:00,12.6,2,3.1,24.7,3,missed,"Green, Draymond",203110,5.1,false,0,kobe bryant,977
21400145,"NOV 16, 2014 - LAL vs. GSW",H,L,-21,9,1,02:31:00,9.1,6,9.8,14.9,2,made,"Iguodala, Andre",2738,4.1,true,2,kobe bryant,977
21400145,"NOV 16, 2014 - LAL vs. GSW",H,L,-21,10,1,01:52:00,13.0,0,4.4,28.0,3,made,"Iguodala, Andre",2738,4.7,true,3,kobe bryant,977
21400145,"NOV 16, 2014 - LAL vs. GSW",H,L,-21,11,1,01:25:00,17.6,2,3.7,25.8,3,missed,"Iguodala, Andre",2738,3.4,false,0,kobe bryant,977
21400145,"NOV 16, 2014 - LAL vs. GSW",H,L,-21,12,1,00:41:00,4.2,4,9.5,12.4,2,missed,"Curry, Stephen",201939,2.6,false,0,kobe bryant,977
21400145,"NOV 16, 2014 - LAL vs. GSW",H,L,-21,13,1,00:36:00,23.4,0,0.0,24.5,3,made,"Iguodala, Andre",2738,5.1,true,3,kobe bryant,977
21400145,"NOV 16, 2014 - LAL vs. GSW",H,L,-21,14,2,06:58:00,12.9,3,3.6,19.8,2,missed,"Thompson, Klay",202691,3.1,false,0,kobe bryant,977
21400145,"NOV 16, 2014 - LAL vs. GSW",H,L,-21,15,2,06:41:00,23.9,0,0.0,2.2,2,missed,"Barnes, Harrison",203084,4.1,false,0,kobe bryant,977
21400145,"NOV 16, 2014 - LAL vs. GSW",H,L,-21,16,2,05:45:00,20.5,0,1.0,25.4,3,missed,"Curry, Stephen",201939,1.2,false,0,kobe bryant,977
21400145,"NOV 16, 2014 - LAL vs. GSW",H,L,-21,17,2,05:00:00,15.2,0,1.0,15.7,2,missed,"Thompson, Klay",202691,2.6,false,0,kobe bryant,977
21400145,"NOV 16, 2014 - LAL vs. GSW",H,L,-21,18,2,03:57:00,19.7,1,4.1,19.6,2,made,"Thompson, Klay",202691,3.2,true,2,kobe bryant,977
21400145,"NOV 16, 2014 - LAL vs. GSW",H,L,-21,19,2,03:24:00,14.4,15,11.2,26.1,3,missed,"Thompson, Klay",202691,0.9,false,0,kobe bryant,977
21400145,"NOV 16, 2014 - LAL vs. GSW",H,L,-21,20,2,02:54:00,5.9,1,3.6,14.8,2,made,"Thompson, Klay",202691,2.0,true,2,kobe bryant,977
21400145,"NOV 16, 2014 - LAL vs. GSW",H,L,-21,21,2,02:07:00,20.0,0,1.2,25.7,3,made,"Bogut, Andrew",101106,5.6,true,3,kobe bryant,977
21400145,"NOV 16, 2014 - LAL vs. GSW",H,L,-21,22,2,00:59:00,18.2,2,3.4,14.6,2,missed,"Thompson, Klay",202691,1.1,false,0,kobe bryant,977
21400145,"NOV 16, 2014 - LAL vs. GSW",H,L,-21,23,2,00:51:00,18.6,0,0.9,22.5,2,missed,"Rush, Brandon",201575,0.8,false,0,kobe bryant,977
21400145,"NOV 16, 2014 - LAL vs. GSW",H,L,-21,24,2,00:05:00,,4,4.9,26.8,3,missed,"Rush, Brandon",201575,3.2,false,0,kobe bryant,977
21400145,"NOV 16, 2014 - LAL vs. GSW",H,L,-21,25,3,10:22:00,9.3,2,3.5,24.0,3,missed,"Thompson, Klay",202691,2.5,false,0,kobe bryant,977
21400145,"NOV 16, 2014 - LAL vs. GSW",H,L,-21,26,3,09:27:00,18.3,6,6.0,15.8,2,missed,"Barnes, Harrison",203084,1.9,false,0,kobe bryant,977
21400145,"NOV 16, 2014 - LAL vs. GSW",H,L,-21,27,3,07:45:00,17.7,0,1.2,24.8,3,missed,"Thompson, Klay",202691,3.8,false,0,kobe bryant,977
21400145,"NOV 16, 2014 - LAL vs. GSW",H,L,-21,28,3,06:32:00,8.9,4,5.0,2.6,2,made,"Green, Draymond",203110,2.3,true,2,kobe bryant,977
21400145,"NOV 16, 2014 - LAL vs. GSW",H,L,-21,29,3,05:02:00,5.1,17,17.4,17.3,2,made,"Thompson, Klay",202691,5.2,true,2,kobe bryant,977
21400145,"NOV 16, 2014 - LAL vs. GSW",H,L,-21,30,3,03:54:00,24.0,0,0.9,3.2,2,made,"Green, Draymond",203110,2.2,true,2,kobe bryant,977
21400145,"NOV 16, 2014 - LAL vs. GSW",H,L,-21,31,3,03:25:00,15.7,8,8.0,8.4,2,missed,"Speights, Marreese",201578,0.1,false,0,kobe bryant,977
21400145,"NOV 16, 2014 - LAL vs. GSW",H,L,-21,32,3,02:09:00,21.0,4,4.4,18.4,2,made,"Iguodala, Andre",2738,6.1,true,2,kobe bryant,977
21400145,"NOV 16, 2014 - LAL vs. GSW",H,L,-21,33,3,01:02:00,16.5,8,8.1,3.0,2,made,"Speights, Marreese",201578,2.1,true,2,kobe bryant,977
21400145,"NOV 16, 2014 - LAL vs. GSW",H,L,-21,34,3,00:06:00,,14,15.1,27.6,3,missed,"Iguodala, Andre",2738,5.1,false,0,kobe bryant,977
21400131,"NOV 14, 2014 - LAL vs. SAS",H,L,-13,1,1,08:22:00,11.0,0,1.1,9.0,2,missed,"Green, Danny",201980,2.2,false,0,kobe bryant,977
21400131,"NOV 14, 2014 - LAL vs. SAS",H,L,-13,2,1,05:29:00,12.8,0,0.6,1.5,2,missed,"Leonard, Kawhi",202695,1.7,false,0,kobe bryant,977
21400131,"NOV 14, 2014 - LAL vs. SAS",H,L,-13,3,1,03:30:00,11.4,7,6.8,15.5,2,missed,"Ginobili, Manu",1938,4.1,false,0,kobe bryant,977
21400131,"NOV 14, 2014 - LAL vs. SAS",H,L,-13,4,2,00:33:00,10.5,1,5.1,24.5,3,missed,"Joseph, Cory",202709,2.3,false,0,kobe bryant,977
21400131,"NOV 14, 2014 - LAL vs. SAS",H,L,-13,5,3,11:11:00,6.1,0,4.9,16.6,2,missed,"Green, Danny",201980,3.2,false,0,kobe bryant,977
21400131,"NOV 14, 2014 - LAL vs. SAS",H,L,-13,6,3,10:38:00,15.3,1,1.3,21.6,2,missed,"Green, Danny",201980,3.2,false,0,kobe bryant,977
21400131,"NOV 14, 2014 - LAL vs. SAS",H,L,-13,7,3,06:40:00,17.8,0,1.0,26.3,3,missed,"Diaw, Boris",2564,3.5,false,0,kobe bryant,977
21400131,"NOV 14, 2014 - LAL vs. SAS",H,L,-13,8,3,04:35:00,16.5,7,7.1,10.8,2,missed,"Green, Danny",201980,1.6,false,0,kobe bryant,977
21400131,"NOV 14, 2014 - LAL vs. SAS",H,L,-13,9,3,03:54:00,10.5,0,1.8,24.9,3,missed,"Green, Danny",201980,4.3,false,0,kobe bryant,977
21400131,"NOV 14, 2014 - LAL vs. SAS",H,L,-13,10,3,00:28:00,9.9,11,14.1,12.8,2,missed,"Joseph, Cory",202709,2.2,false,0,kobe bryant,977
21400131,"NOV 14, 2014 - LAL vs. SAS",H,L,-13,11,4,11:02:00,8.3,0,1.2,16.2,2,made,"Joseph, Cory",202709,2.8,true,2,kobe bryant,977
21400131,"NOV 14, 2014 - LAL vs. SAS",H,L,-13,12,4,09:47:00,4.9,0,1.5,24.8,3,missed,"Leonard, Kawhi",202695,3.2,false,0,kobe bryant,977
21400131,"NOV 14, 2014 - LAL vs. SAS",H,L,-13,13,4,08:52:00,8.0,6,6.9,8.8,2,missed,"Joseph, Cory",202709,0.2,false,0,kobe bryant,977
21400131,"NOV 14, 2014 - LAL vs. SAS",H,L,-13,14,4,08:12:00,20.3,0,1.3,24.8,3,missed,"Bonner, Matt",2588,3.6,false,0,kobe bryant,977
21400114,"NOV 12, 2014 - LAL @ NOP",A,L,-7,1,1,07:12:00,19.4,0,0.7,4.6,2,made,"Gordon, Eric",201569,2.7,true,2,kobe bryant,977
21400114,"NOV 12, 2014 - LAL @ NOP",A,L,-7,2,1,05:30:00,9.1,2,2.8,16.2,2,missed,"Gordon, Eric",201569,1.9,false,0,kobe bryant,977
21400114,"NOV 12, 2014 - LAL @ NOP",A,L,-7,3,1,04:20:00,13.7,0,0.8,24.8,3,missed,"Holiday, Jrue",201950,3.7,false,0,kobe bryant,977
21400114,"NOV 12, 2014 - LAL @ NOP",A,L,-7,4,1,03:54:00,6.5,10,10.5,12.6,2,made,"Gordon, Eric",201569,1.7,true,2,kobe bryant,977
21400114,"NOV 12, 2014 - LAL @ NOP",A,L,-7,5,1,02:32:00,9.7,1,1.3,26.3,3,made,"Holiday, Jrue",201950,2.6,true,3,kobe bryant,977
21400114,"NOV 12, 2014 - LAL @ NOP",A,L,-7,6,1,01:59:00,7.2,5,4.6,27.0,3,made,"Babbitt, Luke",202337,4.8,true,3,kobe bryant,977
21400114,"NOV 12, 2014 - LAL @ NOP",A,L,-7,7,1,01:38:00,10.1,0,3.1,23.8,3,made,"Holiday, Jrue",201950,1.8,true,3,kobe bryant,977
21400114,"NOV 12, 2014 - LAL @ NOP",A,L,-7,8,1,01:10:00,15.0,2,3.7,17.1,2,missed,"Rivers, Austin",203085,1.9,false,0,kobe bryant,977
21400114,"NOV 12, 2014 - LAL @ NOP",A,L,-7,9,1,00:03:00,,1,2.0,23.4,3,missed,"Rivers, Austin",203085,2.1,false,0,kobe bryant,977
21400114,"NOV 12, 2014 - LAL @ NOP",A,L,-7,10,2,04:52:00,17.8,7,7.0,17.0,2,made,"Gordon, Eric",201569,1.4,true,2,kobe bryant,977
21400114,"NOV 12, 2014 - LAL @ NOP",A,L,-7,11,2,04:13:00,10.5,2,3.8,5.1,2,missed,"Evans, Tyreke",201936,4.0,false,0,kobe bryant,977
21400114,"NOV 12, 2014 - LAL @ NOP",A,L,-7,12,2,02:00:00,5.4,20,18.9,16.8,2,missed,"Gordon, Eric",201569,3.2,false,0,kobe bryant,977
21400114,"NOV 12, 2014 - LAL @ NOP",A,L,-7,13,2,00:44:00,8.4,2,4.8,11.9,2,missed,"Holiday, Jrue",201950,2.7,false,0,kobe bryant,977
21400114,"NOV 12, 2014 - LAL @ NOP",A,L,-7,14,2,00:39:00,3.6,1,2.7,16.8,2,missed,"Gordon, Eric",201569,3.2,false,0,kobe bryant,977
21400114,"NOV 12, 2014 - LAL @ NOP",A,L,-7,15,2,00:06:00,2.6,0,1.0,25.0,3,missed,"Evans, Tyreke",201936,4.9,false,0,kobe bryant,977
21400114,"NOV 12, 2014 - LAL @ NOP",A,L,-7,16,3,08:24:00,17.7,3,2.6,21.0,2,missed,"Asik, Omer",201600,3.4,false,0,kobe bryant,977
21400114,"NOV 12, 2014 - LAL @ NOP",A,L,-7,17,3,06:08:00,9.8,1,2.0,18.0,2,missed,"Gordon, Eric",201569,2.1,false,0,kobe bryant,977
21400114,"NOV 12, 2014 - LAL @ NOP",A,L,-7,18,3,05:23:00,3.4,0,1.3,25.1,3,made,"Gordon, Eric",201569,5.9,true,3,kobe bryant,977
21400114,"NOV 12, 2014 - LAL @ NOP",A,L,-7,19,3,02:49:00,7.2,2,2.0,2.3,2,made,"Holiday, Jrue",201950,4.3,true,2,kobe bryant,977
21400114,"NOV 12, 2014 - LAL @ NOP",A,L,-7,20,3,02:13:00,4.4,6,5.8,15.8,2,missed,"Holiday, Jrue",201950,1.7,false,0,kobe bryant,977
21400114,"NOV 12, 2014 - LAL @ NOP",A,L,-7,21,3,01:45:00,20.7,1,1.9,24.6,3,missed,"Rivers, Austin",203085,3.7,false,0,kobe bryant,977
21400114,"NOV 12, 2014 - LAL @ NOP",A,L,-7,22,3,01:11:00,12.7,10,11.2,9.3,2,missed,"Davis, Anthony",203076,3.5,false,0,kobe bryant,977
21400114,"NOV 12, 2014 - LAL @ NOP",A,L,-7,23,3,01:07:00,9.2,1,1.5,3.9,2,missed,"Babbitt, Luke",202337,1.8,false,0,kobe bryant,977
21400114,"NOV 12, 2014 - LAL @ NOP",A,L,-7,24,3,00:36:00,10.9,6,7.1,1.5,2,missed,"Anderson, Ryan",201583,2.2,false,0,kobe bryant,977
21400114,"NOV 12, 2014 - LAL @ NOP",A,L,-7,25,4,08:45:00,15.3,0,2.4,27.6,3,made,"Evans, Tyreke",201936,3.0,true,3,kobe bryant,977
21400114,"NOV 12, 2014 - LAL @ NOP",A,L,-7,26,4,08:07:00,12.1,9,10.2,25.4,3,missed,"Evans, Tyreke",201936,1.7,false,0,kobe bryant,977
21400114,"NOV 12, 2014 - LAL @ NOP",A,L,-7,27,4,07:29:00,5.8,4,3.8,17.5,2,made,"Babbitt, Luke",202337,4.1,true,2,kobe bryant,977
21400114,"NOV 12, 2014 - LAL @ NOP",A,L,-7,28,4,04:14:00,10.3,3,3.3,25.2,3,missed,"Holiday, Jrue",201950,3.6,false,0,kobe bryant,977
21400104,"NOV 11, 2014 - LAL @ MEM",A,L,-5,1,1,05:41:00,7.8,0,1.1,19.7,2,missed,"Allen, Tony",2754,7.1,false,0,kobe bryant,977
21400104,"NOV 11, 2014 - LAL @ MEM",A,L,-5,2,1,05:12:00,8.0,0,1.4,6.8,2,missed,"Allen, Tony",2754,1.8,false,0,kobe bryant,977
21400104,"NOV 11, 2014 - LAL @ MEM",A,L,-5,3,1,02:46:00,12.8,1,1.4,17.9,2,made,"Allen, Tony",2754,2.3,true,2,kobe bryant,977
21400104,"NOV 11, 2014 - LAL @ MEM",A,L,-5,4,1,01:08:00,13.0,0,0.8,23.0,3,missed,"Allen, Tony",2754,3.9,false,0,kobe bryant,977
21400104,"NOV 11, 2014 - LAL @ MEM",A,L,-5,5,1,00:05:00,,0,1.2,24.9,3,missed,"Allen, Tony",2754,3.6,false,0,kobe bryant,977
21400104,"NOV 11, 2014 - LAL @ MEM",A,L,-5,6,2,06:02:00,16.0,0,0.9,22.5,3,made,"Koufos, Kosta",201585,7.3,true,3,kobe bryant,977
21400104,"NOV 11, 2014 - LAL @ MEM",A,L,-5,7,2,05:07:00,13.6,1,1.7,15.4,2,made,"Gasol, Marc",201188,3.8,true,2,kobe bryant,977
21400104,"NOV 11, 2014 - LAL @ MEM",A,L,-5,8,2,03:25:00,6.1,2,4.8,4.3,2,missed,"Koufos, Kosta",201585,1.2,false,0,kobe bryant,977
21400104,"NOV 11, 2014 - LAL @ MEM",A,L,-5,9,2,02:04:00,14.5,1,2.9,15.7,2,missed,"Lee, Courtney",201584,3.5,false,0,kobe bryant,977
21400104,"NOV 11, 2014 - LAL @ MEM",A,L,-5,10,2,01:52:00,20.0,0,0.7,2.7,2,made,"Randolph, Zach",2216,5.5,true,2,kobe bryant,977
21400104,"NOV 11, 2014 - LAL @ MEM",A,L,-5,11,2,00:23:00,20.3,4,4.9,1.3,2,missed,"Allen, Tony",2754,3.1,false,0,kobe bryant,977
21400104,"NOV 11, 2014 - LAL @ MEM",A,L,-5,12,3,10:43:00,10.0,1,1.6,7.9,2,missed,"Lee, Courtney",201584,2.0,false,0,kobe bryant,977
21400104,"NOV 11, 2014 - LAL @ MEM",A,L,-5,13,3,09:31:00,8.9,1,2.2,8.4,2,missed,"Conley, Mike",201144,3.8,false,0,kobe bryant,977
21400104,"NOV 11, 2014 - LAL @ MEM",A,L,-5,14,3,07:37:00,18.5,5,4.4,12.0,2,made,"Conley, Mike",201144,3.3,true,2,kobe bryant,977
21400104,"NOV 11, 2014 - LAL @ MEM",A,L,-5,15,3,05:47:00,4.1,0,1.1,25.2,3,missed,"Lee, Courtney",201584,5.6,false,0,kobe bryant,977
21400104,"NOV 11, 2014 - LAL @ MEM",A,L,-5,16,3,05:04:00,3.5,1,3.7,14.5,2,made,"Lee, Courtney",201584,1.4,true,2,kobe bryant,977
21400104,"NOV 11, 2014 - LAL @ MEM",A,L,-5,17,3,04:14:00,2.6,0,1.0,27.7,3,missed,"Lee, Courtney",201584,4.3,false,0,kobe bryant,977
21400104,"NOV 11, 2014 - LAL @ MEM",A,L,-5,18,3,03:51:00,20.0,2,4.0,6.6,2,made,"Conley, Mike",201144,4.1,true,2,kobe bryant,977
21400104,"NOV 11, 2014 - LAL @ MEM",A,L,-5,19,3,02:53:00,6.5,2,4.7,13.8,2,missed,"Lee, Courtney",201584,2.9,false,0,kobe bryant,977
21400104,"NOV 11, 2014 - LAL @ MEM",A,L,-5,20,4,06:25:00,2.6,2,3.3,16.5,2,missed,"Lee, Courtney",201584,1.9,false,0,kobe bryant,977
21400104,"NOV 11, 2014 - LAL @ MEM",A,L,-5,21,4,05:18:00,18.6,2,4.0,24.8,3,made,"Lee, Courtney",201584,3.7,true,3,kobe bryant,977
21400104,"NOV 11, 2014 - LAL @ MEM",A,L,-5,22,4,04:45:00,9.0,0,2.1,27.0,3,missed,"Lee, Courtney",201584,3.5,false,0,kobe bryant,977
21400104,"NOV 11, 2014 - LAL @ MEM",A,L,-5,23,4,02:28:00,9.4,3,3.6,19.6,2,made,"Allen, Tony",2754,2.1,true,2,kobe bryant,977
21400104,"NOV 11, 2014 - LAL @ MEM",A,L,-5,24,4,01:35:00,13.0,0,0.8,24.6,3,made,"Lee, Courtney",201584,3.8,true,3,kobe bryant,977
21400104,"NOV 11, 2014 - LAL @ MEM",A,L,-5,25,4,01:04:00,10.3,0,1.0,24.9,3,missed,"Allen, Tony",2754,0.8,false,0,kobe bryant,977
21400104,"NOV 11, 2014 - LAL @ MEM",A,L,-5,26,4,00:04:00,,0,0.7,25.3,3,missed,"Allen, Tony",2754,3.1,false,0,kobe bryant,977
21400097,"NOV 09, 2014 - LAL vs. CHA",H,W,15,1,1,08:46:00,17.5,7,6.4,21.2,2,missed,"Kidd-Gilchrist, Michael",203077,4.6,false,0,kobe bryant,977
21400097,"NOV 09, 2014 - LAL vs. CHA",H,W,15,2,1,08:08:00,18.6,5,5.6,25.3,3,missed,"Williams, Marvin",101107,7.0,false,0,kobe bryant,977
21400097,"NOV 09, 2014 - LAL vs. CHA",H,W,15,3,1,07:16:00,8.0,0,1.6,22.4,2,made,"Kidd-Gilchrist, Michael",203077,3.9,true,2,kobe bryant,977
21400097,"NOV 09, 2014 - LAL vs. CHA",H,W,15,4,1,02:59:00,15.0,0,1.0,26.8,3,missed,"Stephenson, Lance",202362,4.0,false,0,kobe bryant,977
21400097,"NOV 09, 2014 - LAL vs. CHA",H,W,15,5,2,06:39:00,17.4,0,0.9,21.3,2,missed,"Stephenson, Lance",202362,6.2,false,0,kobe bryant,977
21400097,"NOV 09, 2014 - LAL vs. CHA",H,W,15,6,2,05:59:00,2.3,2,4.7,19.0,2,missed,"Kidd-Gilchrist, Michael",203077,1.5,false,0,kobe bryant,977
21400097,"NOV 09, 2014 - LAL vs. CHA",H,W,15,7,2,05:19:00,13.9,1,5.5,11.9,2,missed,"Kidd-Gilchrist, Michael",203077,2.3,false,0,kobe bryant,977
21400097,"NOV 09, 2014 - LAL vs. CHA",H,W,15,8,2,03:20:00,13.0,1,4.5,17.7,2,made,"Stephenson, Lance",202362,2.8,true,2,kobe bryant,977
21400097,"NOV 09, 2014 - LAL vs. CHA",H,W,15,9,2,02:06:00,14.4,2,4.2,25.6,3,missed,"Stephenson, Lance",202362,4.3,false,0,kobe bryant,977
21400097,"NOV 09, 2014 - LAL vs. CHA",H,W,15,10,2,01:41:00,13.6,4,3.8,1.0,2,made,"Williams, Marvin",101107,3.9,true,2,kobe bryant,977
21400097,"NOV 09, 2014 - LAL vs. CHA",H,W,15,11,2,00:31:00,14.6,6,8.4,16.4,2,made,"Stephenson, Lance",202362,3.5,true,2,kobe bryant,977
21400097,"NOV 09, 2014 - LAL vs. CHA",H,W,15,12,3,10:51:00,15.7,0,1.0,22.7,2,made,"Walker, Kemba",202689,3.4,true,2,kobe bryant,977
21400097,"NOV 09, 2014 - LAL vs. CHA",H,W,15,13,3,08:20:00,9.4,4,3.5,16.9,2,missed,"Kidd-Gilchrist, Michael",203077,2.7,false,0,kobe bryant,977
21400097,"NOV 09, 2014 - LAL vs. CHA",H,W,15,14,3,04:08:00,18.6,4,4.5,24.7,3,made,"Kidd-Gilchrist, Michael",203077,4.5,true,3,kobe bryant,977
21400097,"NOV 09, 2014 - LAL vs. CHA",H,W,15,15,3,02:20:00,2.9,9,10.2,15.5,2,missed,"Kidd-Gilchrist, Michael",203077,2.5,false,0,kobe bryant,977
21400097,"NOV 09, 2014 - LAL vs. CHA",H,W,15,16,4,07:28:00,14.0,0,0.7,23.6,2,made,"Stephenson, Lance",202362,2.3,true,2,kobe bryant,977
21400097,"NOV 09, 2014 - LAL vs. CHA",H,W,15,17,4,05:04:00,20.7,1,4.0,8.2,2,missed,"Jefferson, Al",2744,2.6,false,0,kobe bryant,977
21400097,"NOV 09, 2014 - LAL vs. CHA",H,W,15,18,4,03:12:00,10.0,0,1.1,25.6,3,missed,"Kidd-Gilchrist, Michael",203077,3.9,false,0,kobe bryant,977
21400097,"NOV 09, 2014 - LAL vs. CHA",H,W,15,19,4,02:58:00,13.9,5,9.9,3.7,2,missed,"Kidd-Gilchrist, Michael",203077,0.2,false,0,kobe bryant,977
21400097,"NOV 09, 2014 - LAL vs. CHA",H,W,15,20,4,02:19:00,1.7,4,4.5,19.9,2,missed,"Henderson, Gerald",201945,3.1,false,0,kobe bryant,977
21400056,"NOV 04, 2014 - LAL vs. PHX",H,L,-6,1,1,11:10:00,3.7,0,1.4,26.6,3,missed,"Morris, Marcus",202694,3.6,false,0,kobe bryant,977
21400056,"NOV 04, 2014 - LAL vs. PHX",H,L,-6,2,1,08:45:00,12.0,2,2.2,20.2,2,missed,"Morris, Marcus",202694,2.5,false,0,kobe bryant,977
21400056,"NOV 04, 2014 - LAL vs. PHX",H,L,-6,3,1,05:28:00,20.0,0,0.4,8.7,2,missed,"Morris, Marcus",202694,2.2,false,0,kobe bryant,977
21400056,"NOV 04, 2014 - LAL vs. PHX",H,L,-6,4,1,03:39:00,13.8,1,1.4,7.1,2,made,"Len, Alex",203458,3.1,true,2,kobe bryant,977
21400056,"NOV 04, 2014 - LAL vs. PHX",H,L,-6,5,1,02:52:00,10.4,2,1.0,20.2,2,made,"Tucker, PJ",200782,4.2,true,2,kobe bryant,977
21400056,"NOV 04, 2014 - LAL vs. PHX",H,L,-6,6,1,02:29:00,12.1,0,0.7,25.9,3,made,"Tucker, PJ",200782,3.5,true,3,kobe bryant,977
21400056,"NOV 04, 2014 - LAL vs. PHX",H,L,-6,7,1,01:25:00,7.0,1,2.4,23.8,3,missed,"Tucker, PJ",200782,3.7,false,0,kobe bryant,977
21400056,"NOV 04, 2014 - LAL vs. PHX",H,L,-6,8,1,00:35:00,18.3,4,5.3,3.9,2,missed,"Len, Alex",203458,3.1,false,0,kobe bryant,977
21400056,"NOV 04, 2014 - LAL vs. PHX",H,L,-6,9,2,06:30:00,18.0,6,5.6,15.4,2,made,"Morris, Marcus",202694,3.3,true,2,kobe bryant,977
21400056,"NOV 04, 2014 - LAL vs. PHX",H,L,-6,10,2,05:56:00,13.9,0,4.1,19.2,2,missed,"Morris, Marcus",202694,3.5,false,0,kobe bryant,977
21400056,"NOV 04, 2014 - LAL vs. PHX",H,L,-6,11,2,02:49:00,16.8,0,0.8,25.3,3,made,"Morris, Marcus",202694,5.0,true,3,kobe bryant,977
21400056,"NOV 04, 2014 - LAL vs. PHX",H,L,-6,12,2,02:00:00,13.2,3,5.7,3.3,2,missed,"Plumlee, Miles",203101,0.2,false,0,kobe bryant,977
21400056,"NOV 04, 2014 - LAL vs. PHX",H,L,-6,13,2,01:07:00,12.4,8,11.3,4.3,2,made,"Plumlee, Miles",203101,2.1,true,2,kobe bryant,977
21400056,"NOV 04, 2014 - LAL vs. PHX",H,L,-6,14,2,00:24:00,16.3,11,7.7,17.6,2,missed,"Thomas, Isaiah",202738,2.7,false,0,kobe bryant,977
21400056,"NOV 04, 2014 - LAL vs. PHX",H,L,-6,15,3,10:54:00,15.2,2,3.0,12.8,2,missed,"Morris, Marcus",202694,2.2,false,0,kobe bryant,977
21400056,"NOV 04, 2014 - LAL vs. PHX",H,L,-6,16,3,09:33:00,19.2,1,1.5,4.3,2,missed,"Morris, Markieff",202693,3.9,false,0,kobe bryant,977
21400056,"NOV 04, 2014 - LAL vs. PHX",H,L,-6,17,3,09:11:00,21.6,3,4.3,6.7,2,made,"Bledsoe, Eric",202339,2.3,true,2,kobe bryant,977
21400056,"NOV 04, 2014 - LAL vs. PHX",H,L,-6,18,3,07:27:00,15.0,1,1.6,5.2,2,missed,"Morris, Marcus",202694,0.1,false,0,kobe bryant,977
21400056,"NOV 04, 2014 - LAL vs. PHX",H,L,-6,19,3,06:49:00,11.1,0,3.0,10.5,2,missed,"Morris, Marcus",202694,1.3,false,0,kobe bryant,977
21400056,"NOV 04, 2014 - LAL vs. PHX",H,L,-6,20,3,05:17:00,19.5,1,1.8,2.9,2,missed,"Morris, Marcus",202694,0.4,false,0,kobe bryant,977
21400056,"NOV 04, 2014 - LAL vs. PHX",H,L,-6,21,3,04:03:00,15.8,0,2.3,22.6,2,missed,"Morris, Marcus",202694,2.2,false,0,kobe bryant,977
21400056,"NOV 04, 2014 - LAL vs. PHX",H,L,-6,22,3,03:19:00,14.7,9,7.9,5.6,2,missed,"Morris, Marcus",202694,1.7,false,0,kobe bryant,977
21400056,"NOV 04, 2014 - LAL vs. PHX",H,L,-6,23,3,02:19:00,23.2,0,0.9,9.1,2,missed,"Thomas, Isaiah",202738,4.1,false,0,kobe bryant,977
21400056,"NOV 04, 2014 - LAL vs. PHX",H,L,-6,24,3,00:30:00,8.3,20,15.7,7.6,2,made,"Tucker, PJ",200782,0.3,true,2,kobe bryant,977
21400056,"NOV 04, 2014 - LAL vs. PHX",H,L,-6,25,4,11:05:00,21.2,3,4.2,3.4,2,made,"Thomas, Isaiah",202738,4.4,true,2,kobe bryant,977
21400056,"NOV 04, 2014 - LAL vs. PHX",H,L,-6,26,4,10:43:00,12.1,1,3.6,24.5,3,missed,"Morris, Marcus",202694,2.2,false,0,kobe bryant,977
21400056,"NOV 04, 2014 - LAL vs. PHX",H,L,-6,27,4,09:24:00,10.8,0,0.6,3.7,2,missed,"Len, Alex",203458,0.0,false,0,kobe bryant,977
21400056,"NOV 04, 2014 - LAL vs. PHX",H,L,-6,28,4,08:14:00,18.3,2,3.0,20.3,2,made,"Green, Gerald",101123,5.6,true,2,kobe bryant,977
21400056,"NOV 04, 2014 - LAL vs. PHX",H,L,-6,29,4,07:42:00,13.0,0,1.1,21.6,2,made,"Green, Gerald",101123,6.1,true,2,kobe bryant,977
21400056,"NOV 04, 2014 - LAL vs. PHX",H,L,-6,30,4,06:35:00,14.9,0,0.8,16.8,2,missed,"Tucker, PJ",200782,2.9,false,0,kobe bryant,977
21400056,"NOV 04, 2014 - LAL vs. PHX",H,L,-6,31,4,06:11:00,13.4,11,11.1,8.2,2,made,"Tucker, PJ",200782,0.6,true,2,kobe bryant,977
21400056,"NOV 04, 2014 - LAL vs. PHX",H,L,-6,32,4,05:19:00,10.5,6,7.8,14.9,2,missed,"Morris, Marcus",202694,2.2,false,0,kobe bryant,977
21400056,"NOV 04, 2014 - LAL vs. PHX",H,L,-6,33,4,04:33:00,19.9,2,2.3,2.4,2,missed,"Green, Gerald",101123,1.2,false,0,kobe bryant,977
21400056,"NOV 04, 2014 - LAL vs. PHX",H,L,-6,34,4,02:25:00,7.1,15,13.9,18.2,2,made,"Morris, Marcus",202694,3.1,true,2,kobe bryant,977
21400056,"NOV 04, 2014 - LAL vs. PHX",H,L,-6,35,4,01:09:00,11.5,13,11.6,24.3,3,made,"Morris, Marcus",202694,2.0,true,3,kobe bryant,977
21400056,"NOV 04, 2014 - LAL vs. PHX",H,L,-6,36,4,00:44:00,16.1,6,7.8,8.9,2,missed,"Morris, Marcus",202694,1.8,false,0,kobe bryant,977
21400056,"NOV 04, 2014 - LAL vs. PHX",H,L,-6,37,4,00:19:00,,0,0.4,25.1,3,missed,"Dragic, Goran",201609,1.5,false,0,kobe bryant,977
21400038,"NOV 01, 2014 - LAL @ GSW",A,L,-23,1,1,10:54:00,7.8,4,6.8,12.4,2,missed,"Thompson, Klay",202691,2.1,false,0,kobe bryant,977
21400038,"NOV 01, 2014 - LAL @ GSW",A,L,-23,2,1,10:31:00,9.7,0,0.9,25.8,3,missed,"Barnes, Harrison",203084,4.6,false,0,kobe bryant,977
21400038,"NOV 01, 2014 - LAL @ GSW",A,L,-23,3,1,07:06:00,11.9,2,2.4,20.0,2,missed,"Barnes, Harrison",203084,3.2,false,0,kobe bryant,977
21400038,"NOV 01, 2014 - LAL @ GSW",A,L,-23,4,1,05:30:00,3.8,8,8.7,9.5,2,missed,"Barnes, Harrison",203084,2.6,false,0,kobe bryant,977
21400038,"NOV 01, 2014 - LAL @ GSW",A,L,-23,5,1,04:51:00,14.4,2,3.5,20.5,2,made,"Barnes, Harrison",203084,3.5,true,2,kobe bryant,977
21400038,"NOV 01, 2014 - LAL @ GSW",A,L,-23,6,1,04:27:00,10.1,4,3.8,18.0,2,made,"Iguodala, Andre",2738,4.4,true,2,kobe bryant,977
21400038,"NOV 01, 2014 - LAL @ GSW",A,L,-23,7,2,06:59:00,4.7,3,5.0,16.4,2,missed,"Thompson, Klay",202691,3.7,false,0,kobe bryant,977
21400038,"NOV 01, 2014 - LAL @ GSW",A,L,-23,8,2,04:01:00,12.8,2,2.5,20.8,2,missed,"Thompson, Klay",202691,3.7,false,0,kobe bryant,977
21400038,"NOV 01, 2014 - LAL @ GSW",A,L,-23,9,2,02:11:00,11.1,2,3.6,8.7,2,missed,"Thompson, Klay",202691,2.3,false,0,kobe bryant,977
21400038,"NOV 01, 2014 - LAL @ GSW",A,L,-23,10,2,00:09:00,3.4,2,3.0,1.8,2,made,"Barnes, Harrison",203084,1.0,true,2,kobe bryant,977
21400038,"NOV 01, 2014 - LAL @ GSW",A,L,-23,11,3,10:34:00,5.4,0,1.4,27.1,3,missed,"Thompson, Klay",202691,3.5,false,0,kobe bryant,977
21400038,"NOV 01, 2014 - LAL @ GSW",A,L,-23,12,3,10:13:00,17.1,4,7.2,6.2,2,missed,"Thompson, Klay",202691,1.3,false,0,kobe bryant,977
21400038,"NOV 01, 2014 - LAL @ GSW",A,L,-23,13,3,09:47:00,21.8,0,0.7,2.7,2,made,"Green, Draymond",203110,0.4,true,2,kobe bryant,977
21400038,"NOV 01, 2014 - LAL @ GSW",A,L,-23,14,3,08:17:00,8.2,0,1.1,22.0,2,made,"Bogut, Andrew",101106,5.8,true,2,kobe bryant,977
21400038,"NOV 01, 2014 - LAL @ GSW",A,L,-23,15,3,07:58:00,20.7,3,6.0,4.7,2,made,"Barnes, Harrison",203084,1.6,true,2,kobe bryant,977
21400038,"NOV 01, 2014 - LAL @ GSW",A,L,-23,16,3,07:08:00,5.2,4,6.3,15.4,2,made,"Thompson, Klay",202691,2.2,true,2,kobe bryant,977
21400038,"NOV 01, 2014 - LAL @ GSW",A,L,-23,17,3,06:13:00,6.8,0,3.4,24.4,2,missed,"Thompson, Klay",202691,5.4,false,0,kobe bryant,977
21400038,"NOV 01, 2014 - LAL @ GSW",A,L,-23,18,3,05:36:00,4.5,1,1.8,26.1,3,made,"Thompson, Klay",202691,2.9,true,3,kobe bryant,977
21400038,"NOV 01, 2014 - LAL @ GSW",A,L,-23,19,3,04:39:00,15.0,5,4.8,21.2,2,made,"Thompson, Klay",202691,5.1,true,2,kobe bryant,977
21400038,"NOV 01, 2014 - LAL @ GSW",A,L,-23,20,3,04:12:00,12.5,7,3.7,22.2,2,made,"Thompson, Klay",202691,2.9,true,2,kobe bryant,977
21400038,"NOV 01, 2014 - LAL @ GSW",A,L,-23,21,3,02:57:00,2.2,5,6.3,31.7,3,missed,"Thompson, Klay",202691,1.7,false,0,kobe bryant,977
21400038,"NOV 01, 2014 - LAL @ GSW",A,L,-23,22,3,02:37:00,13.9,3,4.8,7.1,2,made,"Thompson, Klay",202691,1.4,true,2,kobe bryant,977
21400038,"NOV 01, 2014 - LAL @ GSW",A,L,-23,23,3,02:01:00,12.2,6,6.4,20.3,2,made,"Thompson, Klay",202691,2.0,true,2,kobe bryant,977
21400038,"NOV 01, 2014 - LAL @ GSW",A,L,-23,24,3,00:49:00,12.3,2,5.0,29.2,3,missed,"Thompson, Klay",202691,3.5,false,0,kobe bryant,977
21400038,"NOV 01, 2014 - LAL @ GSW",A,L,-23,25,4,08:27:00,3.6,5,5.8,25.4,3,missed,"Green, Draymond",203110,3.9,false,0,kobe bryant,977
21400038,"NOV 01, 2014 - LAL @ GSW",A,L,-23,26,4,07:16:00,19.0,0,0.7,23.0,2,missed,"Iguodala, Andre",2738,6.6,false,0,kobe bryant,977
21400038,"NOV 01, 2014 - LAL @ GSW",A,L,-23,27,4,05:13:00,13.5,3,3.3,8.9,2,missed,"Bogut, Andrew",101106,2.8,false,0,kobe bryant,977
21400038,"NOV 01, 2014 - LAL @ GSW",A,L,-23,28,4,02:29:00,16.4,1,4.1,18.7,2,missed,"Thompson, Klay",202691,4.5,false,0,kobe bryant,977
21400026,"OCT 31, 2014 - LAL vs. LAC",H,L,-7,1,1,07:22:00,14.8,5,4.4,1.8,2,made,"Barnes, Matt",2440,1.9,true,2,kobe bryant,977
21400026,"OCT 31, 2014 - LAL vs. LAC",H,L,-7,2,1,05:55:00,9.0,0,3.2,20.3,2,made,"Barnes, Matt",2440,3.4,true,2,kobe bryant,977
21400026,"OCT 31, 2014 - LAL vs. LAC",H,L,-7,3,2,08:11:00,18.4,5,5.9,24.6,3,missed,"Douglas-Roberts, Chris",201604,4.7,false,0,kobe bryant,977
21400026,"OCT 31, 2014 - LAL vs. LAC",H,L,-7,4,2,04:36:00,13.9,0,1.3,22.5,3,made,"Jordan, DeAndre",201599,3.2,true,3,kobe bryant,977
21400026,"OCT 31, 2014 - LAL vs. LAC",H,L,-7,5,2,04:14:00,12.7,1,1.9,25.4,3,missed,"Barnes, Matt",2440,3.4,false,0,kobe bryant,977
21400026,"OCT 31, 2014 - LAL vs. LAC",H,L,-7,6,2,00:56:00,14.0,3,4.0,5.2,2,made,"Barnes, Matt",2440,1.2,true,2,kobe bryant,977
21400026,"OCT 31, 2014 - LAL vs. LAC",H,L,-7,7,3,11:03:00,16.7,7,7.0,13.6,2,missed,"Barnes, Matt",2440,1.8,false,0,kobe bryant,977
21400026,"OCT 31, 2014 - LAL vs. LAC",H,L,-7,8,3,07:53:00,13.6,4,4.9,0.9,2,made,"Jordan, DeAndre",201599,1.4,true,2,kobe bryant,977
21400026,"OCT 31, 2014 - LAL vs. LAC",H,L,-7,9,4,08:09:00,10.8,0,1.2,17.9,2,missed,"Paul, Chris",101108,2.3,false,0,kobe bryant,977
21400026,"OCT 31, 2014 - LAL vs. LAC",H,L,-7,10,4,06:20:00,10.0,0,1.0,14.5,2,missed,"Paul, Chris",101108,2.7,false,0,kobe bryant,977
21400026,"OCT 31, 2014 - LAL vs. LAC",H,L,-7,11,4,03:30:00,4.4,0,1.8,25.9,3,missed,"Paul, Chris",101108,2.2,false,0,kobe bryant,977
21400026,"OCT 31, 2014 - LAL vs. LAC",H,L,-7,12,4,02:45:00,9.1,0,1.2,18.5,2,missed,"Paul, Chris",101108,4.9,false,0,kobe bryant,977
21400026,"OCT 31, 2014 - LAL vs. LAC",H,L,-7,13,4,01:19:00,5.9,2,7.1,14.9,2,made,"Paul, Chris",101108,5.3,true,2,kobe bryant,977
21400026,"OCT 31, 2014 - LAL vs. LAC",H,L,-7,14,4,00:30:00,13.0,1,3.8,17.0,2,missed,"Redick, JJ",200755,2.8,false,0,kobe bryant,977
21400026,"OCT 31, 2014 - LAL vs. LAC",H,L,-7,15,4,00:19:00,,2,2.0,25.3,3,missed,"Crawford, Jamal",2037,3.4,false,0,kobe bryant,977
21400013,"OCT 29, 2014 - LAL @ PHX",A,L,-20,1,1,11:31:00,13.3,0,0.8,18.2,2,missed,"Dragic, Goran",201609,2.3,false,0,kobe bryant,977
21400013,"OCT 29, 2014 - LAL @ PHX",A,L,-20,2,1,10:03:00,9.2,0,0.8,15.8,2,made,"Morris, Marcus",202694,1.9,true,2,kobe bryant,977
21400013,"OCT 29, 2014 - LAL @ PHX",A,L,-20,3,1,08:54:00,7.5,1,2.7,22.4,2,missed,"Morris, Marcus",202694,4.7,false,0,kobe bryant,977
21400013,"OCT 29, 2014 - LAL @ PHX",A,L,-20,4,1,07:26:00,15.5,0,0.8,18.6,2,missed,"Bledsoe, Eric",202339,3.3,false,0,kobe bryant,977
21400013,"OCT 29, 2014 - LAL @ PHX",A,L,-20,5,1,07:20:00,22.1,1,1.1,3.5,2,made,"Morris, Markieff",202693,3.1,true,2,kobe bryant,977
21400013,"OCT 29, 2014 - LAL @ PHX",A,L,-20,6,1,05:20:00,9.9,7,8.7,11.9,2,missed,"Len, Alex",203458,3.6,false,0,kobe bryant,977
21400013,"OCT 29, 2014 - LAL @ PHX",A,L,-20,7,2,08:18:00,4.2,9,8.6,8.9,2,made,"Green, Gerald",101123,2.6,true,2,kobe bryant,977
21400013,"OCT 29, 2014 - LAL @ PHX",A,L,-20,8,2,07:20:00,11.3,7,6.7,12.8,2,made,"Plumlee, Miles",203101,4.2,true,2,kobe bryant,977
21400013,"OCT 29, 2014 - LAL @ PHX",A,L,-20,9,2,06:28:00,8.4,13,8.8,17.6,2,made,"Morris, Marcus",202694,3.2,true,2,kobe bryant,977
21400013,"OCT 29, 2014 - LAL @ PHX",A,L,-20,10,2,05:58:00,9.1,4,2.6,18.2,2,missed,"Morris, Marcus",202694,3.2,false,0,kobe bryant,977
21400013,"OCT 29, 2014 - LAL @ PHX",A,L,-20,11,2,04:55:00,19.0,1,3.4,10.4,2,missed,"Morris, Marcus",202694,1.7,false,0,kobe bryant,977
21400013,"OCT 29, 2014 - LAL @ PHX",A,L,-20,12,2,03:50:00,3.0,2,2.1,27.3,3,made,"Morris, Marcus",202694,4.1,true,3,kobe bryant,977
21400013,"OCT 29, 2014 - LAL @ PHX",A,L,-20,13,2,02:24:00,0.0,13,10.9,21.1,2,missed,"Morris, Marcus",202694,2.1,false,0,kobe bryant,977
21400013,"OCT 29, 2014 - LAL @ PHX",A,L,-20,14,2,02:07:00,22.6,2,2.8,2.3,2,made,"Len, Alex",203458,1.6,true,2,kobe bryant,977
21400013,"OCT 29, 2014 - LAL @ PHX",A,L,-20,15,2,00:57:00,9.9,18,14.7,3.0,2,missed,"Len, Alex",203458,1.8,false,0,kobe bryant,977
21400013,"OCT 29, 2014 - LAL @ PHX",A,L,-20,16,3,11:20:00,15.5,0,0.8,20.4,2,missed,"Morris, Marcus",202694,3.0,false,0,kobe bryant,977
21400013,"OCT 29, 2014 - LAL @ PHX",A,L,-20,17,3,09:12:00,11.3,3,5.1,13.0,2,made,"Morris, Marcus",202694,2.8,true,2,kobe bryant,977
21400013,"OCT 29, 2014 - LAL @ PHX",A,L,-20,18,3,07:45:00,14.2,4,5.1,24.5,3,missed,"Morris, Marcus",202694,2.1,false,0,kobe bryant,977
21400013,"OCT 29, 2014 - LAL @ PHX",A,L,-20,19,3,06:15:00,14.3,0,1.0,2.8,2,made,"Dragic, Goran",201609,1.6,true,2,kobe bryant,977
21400013,"OCT 29, 2014 - LAL @ PHX",A,L,-20,20,3,05:23:00,1.6,7,7.3,26.8,3,missed,"Morris, Marcus",202694,2.7,false,0,kobe bryant,977
21400013,"OCT 29, 2014 - LAL @ PHX",A,L,-20,21,3,04:56:00,15.2,0,1.2,24.4,3,made,"Bledsoe, Eric",202339,4.4,true,3,kobe bryant,977
21400013,"OCT 29, 2014 - LAL @ PHX",A,L,-20,22,3,03:05:00,10.1,3,4.6,21.0,2,missed,"Morris, Marcus",202694,3.5,false,0,kobe bryant,977
21400013,"OCT 29, 2014 - LAL @ PHX",A,L,-20,23,3,02:59:00,21.6,1,2.6,9.4,2,missed,"Len, Alex",203458,3.0,false,0,kobe bryant,977
21400013,"OCT 29, 2014 - LAL @ PHX",A,L,-20,24,3,00:55:00,3.2,20,17.8,4.2,2,made,"Randolph, Shavlik",101183,1.6,true,2,kobe bryant,977
21400013,"OCT 29, 2014 - LAL @ PHX",A,L,-20,25,3,00:35:00,12.9,14,11.0,4.9,2,missed,"Randolph, Shavlik",101183,2.1,false,0,kobe bryant,977
21400003,"OCT 28, 2014 - LAL vs. HOU",H,L,-18,1,1,09:01:00,23.4,0,0.0,7.2,2,missed,"Howard, Dwight",2730,5.3,false,0,kobe bryant,977
21400003,"OCT 28, 2014 - LAL vs. HOU",H,L,-18,2,1,08:40:00,7.6,0,0.9,22.6,2,made,"Ariza, Trevor",2772,4.4,true,2,kobe bryant,977
21400003,"OCT 28, 2014 - LAL vs. HOU",H,L,-18,3,1,08:05:00,10.0,0,1.9,17.2,2,missed,"Ariza, Trevor",2772,2.9,false,0,kobe bryant,977
21400003,"OCT 28, 2014 - LAL vs. HOU",H,L,-18,4,1,07:09:00,4.6,1,3.7,20.3,2,made,"Ariza, Trevor",2772,2.9,true,2,kobe bryant,977
21400003,"OCT 28, 2014 - LAL vs. HOU",H,L,-18,5,1,06:15:00,11.1,0,2.2,21.7,2,missed,"Ariza, Trevor",2772,4.1,false,0,kobe bryant,977
21400003,"OCT 28, 2014 - LAL vs. HOU",H,L,-18,6,1,05:37:00,6.3,4,5.6,17.3,2,missed,"Ariza, Trevor",2772,3.7,false,0,kobe bryant,977
21400003,"OCT 28, 2014 - LAL vs. HOU",H,L,-18,7,1,04:48:00,9.6,3,3.7,7.9,2,made,"Terry, Jason",1891,3.0,true,2,kobe bryant,977
21400003,"OCT 28, 2014 - LAL vs. HOU",H,L,-18,8,2,08:44:00,13.9,3,5.7,7.3,2,missed,"Howard, Dwight",2730,2.4,false,0,kobe bryant,977
21400003,"OCT 28, 2014 - LAL vs. HOU",H,L,-18,9,2,08:13:00,17.0,9,7.9,9.9,2,made,"Howard, Dwight",2730,6.2,true,2,kobe bryant,977
21400003,"OCT 28, 2014 - LAL vs. HOU",H,L,-18,10,2,07:38:00,6.2,13,10.2,20.1,2,missed,"Ariza, Trevor",2772,2.9,false,0,kobe bryant,977
21400003,"OCT 28, 2014 - LAL vs. HOU",H,L,-18,11,2,03:38:00,17.8,7,6.0,4.7,2,made,"Jones, Terrence",203093,1.0,true,2,kobe bryant,977
21400003,"OCT 28, 2014 - LAL vs. HOU",H,L,-18,12,2,00:38:00,15.2,10,8.8,8.2,2,made,"Black, Tarik",204028,3.6,true,2,kobe bryant,977
21400003,"OCT 28, 2014 - LAL vs. HOU",H,L,-18,13,2,00:08:00,3.5,21,18.6,9.3,2,missed,"Jones, Terrence",203093,3.8,false,0,kobe bryant,977
21400003,"OCT 28, 2014 - LAL vs. HOU",H,L,-18,14,3,11:24:00,7.2,2,2.4,6.5,2,missed,"Ariza, Trevor",2772,1.0,false,0,kobe bryant,977
21400003,"OCT 28, 2014 - LAL vs. HOU",H,L,-18,15,3,05:55:00,10.1,8,6.7,14.5,2,missed,"Harden, James",201935,3.3,false,0,kobe bryant,977
21400003,"OCT 28, 2014 - LAL vs. HOU",H,L,-18,16,4,09:38:00,8.0,0,0.0,28.6,3,missed,"Ariza, Trevor",2772,5.8,false,0,kobe bryant,977
21400003,"OCT 28, 2014 - LAL vs. HOU",H,L,-18,17,4,07:18:00,15.2,0,1.2,19.3,2,missed,"Ariza, Trevor",2772,3.9,false,0,kobe bryant,977
